-- phpMyAdmin SQL Dump
-- version 5.2.1
-- https://www.phpmyadmin.net/
--
-- Host: localhost
-- Generation Time: Sep 11, 2024 at 09:40 PM
-- Server version: 8.0.39-0ubuntu0.22.04.1
-- PHP Version: 8.2.23

SET SQL_MODE = "NO_AUTO_VALUE_ON_ZERO";
START TRANSACTION;
SET time_zone = "+00:00";


/*!40101 SET @OLD_CHARACTER_SET_CLIENT=@@CHARACTER_SET_CLIENT */;
/*!40101 SET @OLD_CHARACTER_SET_RESULTS=@@CHARACTER_SET_RESULTS */;
/*!40101 SET @OLD_COLLATION_CONNECTION=@@COLLATION_CONNECTION */;
/*!40101 SET NAMES utf8mb4 */;

--
-- Database: `inventory`
--

-- --------------------------------------------------------

--
-- Table structure for table `campaigns`
--

CREATE TABLE `campaigns` (
  `id` bigint UNSIGNED NOT NULL,
  `category` varchar(255) COLLATE utf8mb4_unicode_ci NOT NULL,
  `title` varchar(255) COLLATE utf8mb4_unicode_ci NOT NULL,
  `content` longtext COLLATE utf8mb4_unicode_ci NOT NULL,
  `start_date` date NOT NULL,
  `end_date` date NOT NULL,
  `type` varchar(255) COLLATE utf8mb4_unicode_ci NOT NULL,
  `created_at` timestamp NULL DEFAULT NULL,
  `updated_at` timestamp NULL DEFAULT NULL
) ENGINE=InnoDB DEFAULT CHARSET=utf8mb4 COLLATE=utf8mb4_unicode_ci;

--
-- Dumping data for table `campaigns`
--

INSERT INTO `campaigns` (`id`, `category`, `title`, `content`, `start_date`, `end_date`, `type`, `created_at`, `updated_at`) VALUES
(1, '1', 'Monitor progress in Real Time Value', 'Lorem ipsum is placeholder text commonly used in the graphic, print, and publishing industries for previewing layouts.', '2024-01-20', '2024-01-27', 'One-Time', '2024-09-11 02:11:07', '2024-09-11 02:11:07'),
(2, '2', 'Monitor progress in Real Time Value', 'Lorem ipsum is placeholder text commonly used in the graphic, print, and publishing industries for previewing layouts.', '2024-01-20', '2024-01-27', 'Off-Track', '2024-09-11 02:11:07', '2024-09-11 02:11:07'),
(3, '3', 'Monitor progress in Real Time Value', 'Lorem ipsum is placeholder text commonly used in the graphic, print, and publishing industries for previewing layouts.', '2024-01-20', '2024-01-27', 'At Risk', '2024-09-11 02:11:07', '2024-09-11 02:11:07'),
(4, '1', 'Monitor progress in Real Time Value', 'Lorem ipsum is placeholder text commonly used in the graphic, print, and publishing industries for previewing layouts.', '2024-01-20', '2024-01-27', 'At Risk', '2024-09-11 02:11:07', '2024-09-11 02:11:07'),
(5, '4', 'Monitor progress in Real Time Value', 'Lorem ipsum is placeholder text commonly used in the graphic, print, and publishing industries for previewing layouts.', '2024-01-20', '2024-01-27', 'One-Time', '2024-09-11 02:11:07', '2024-09-11 02:11:07'),
(6, '2', 'Monitor progress in Real Time Value', 'Lorem ipsum is placeholder text commonly used in the graphic, print, and publishing industries for previewing layouts.', '2024-01-20', '2024-01-27', 'At Risk', '2024-09-11 02:11:07', '2024-09-11 02:11:07'),
(7, '4', 'Monitor progress in Real Time Value', 'Lorem ipsum is placeholder text commonly used in the graphic, print, and publishing industries for previewing layouts.', '2024-01-20', '2024-01-27', 'One-Time', '2024-09-11 02:11:07', '2024-09-11 02:11:07'),
(8, '1', 'Monitor progress in Real Time Value', 'Lorem ipsum is placeholder text commonly used in the graphic, print, and publishing industries for previewing layouts.', '2024-01-20', '2024-01-27', 'Off-Track', '2024-09-11 02:11:07', '2024-09-11 02:11:07'),
(9, '3', 'Monitor progress in Real Time Value', 'Lorem ipsum is placeholder text commonly used in the graphic, print, and publishing industries for previewing layouts.', '2024-01-20', '2024-01-27', 'One-Time', '2024-09-11 02:11:07', '2024-09-11 02:11:07'),
(10, '4', 'Monitor progress in Real Time Value', 'Lorem ipsum is placeholder text commonly used in the graphic, print, and publishing industries for previewing layouts.', '2024-01-20', '2024-01-27', 'Off-Track', '2024-09-11 02:11:07', '2024-09-11 02:11:07'),
(11, '2', 'Monitor progress in Real Time Value', 'Lorem ipsum is placeholder text commonly used in the graphic, print, and publishing industries for previewing layouts.', '2024-01-20', '2024-01-27', 'Off-Track', '2024-09-11 02:11:07', '2024-09-11 02:11:07'),
(12, '3', 'Monitor progress in Real Time Value', 'Lorem ipsum is placeholder text commonly used in the graphic, print, and publishing industries for previewing layouts.', '2024-01-20', '2024-01-27', 'At Risk', '2024-09-11 02:11:07', '2024-09-11 02:11:07');

-- --------------------------------------------------------

--
-- Table structure for table `campaign_marketer`
--

CREATE TABLE `campaign_marketer` (
  `id` int UNSIGNED NOT NULL,
  `campaign_id` int UNSIGNED NOT NULL,
  `marketer_id` int UNSIGNED NOT NULL
) ENGINE=InnoDB DEFAULT CHARSET=utf8mb4 COLLATE=utf8mb4_unicode_ci;

--
-- Dumping data for table `campaign_marketer`
--

INSERT INTO `campaign_marketer` (`id`, `campaign_id`, `marketer_id`) VALUES
(1, 1, 1),
(2, 1, 2),
(3, 1, 3),
(4, 2, 4),
(5, 2, 5),
(6, 3, 7),
(7, 3, 8),
(8, 3, 9),
(9, 4, 10),
(10, 5, 11),
(11, 5, 5),
(12, 5, 12),
(13, 6, 7),
(14, 6, 4),
(15, 6, 11),
(16, 7, 1),
(17, 7, 2),
(18, 7, 6),
(19, 8, 9),
(20, 8, 1),
(21, 9, 7),
(22, 9, 8),
(23, 9, 9),
(24, 9, 6),
(25, 10, 6),
(26, 10, 11),
(27, 11, 5),
(28, 12, 7),
(29, 12, 8),
(30, 12, 9);

-- --------------------------------------------------------

--
-- Table structure for table `customers`
--

CREATE TABLE `customers` (
  `id` bigint UNSIGNED NOT NULL,
  `image` varchar(2048) COLLATE utf8mb4_unicode_ci DEFAULT NULL,
  `name` varchar(255) COLLATE utf8mb4_unicode_ci NOT NULL,
  `email` varchar(255) COLLATE utf8mb4_unicode_ci NOT NULL,
  `location` varchar(255) COLLATE utf8mb4_unicode_ci NOT NULL,
  `orders` int NOT NULL,
  `last_order` varchar(255) COLLATE utf8mb4_unicode_ci NOT NULL,
  `spent` varchar(255) COLLATE utf8mb4_unicode_ci NOT NULL,
  `refunds` int NOT NULL DEFAULT '0',
  `fav` tinyint(1) NOT NULL DEFAULT '0',
  `created_at` timestamp NULL DEFAULT NULL,
  `updated_at` timestamp NULL DEFAULT NULL
) ENGINE=InnoDB DEFAULT CHARSET=utf8mb4 COLLATE=utf8mb4_unicode_ci;

--
-- Dumping data for table `customers`
--

INSERT INTO `customers` (`id`, `image`, `name`, `email`, `location`, `orders`, `last_order`, `spent`, `refunds`, `fav`, `created_at`, `updated_at`) VALUES
(1, 'user-40-01.jpg', 'Patricia Semklo', 'patricia.semklo@app.com', '🇬🇧 London, UK', 24, '#123567', '$2,890.66', 0, 1, '2024-09-11 02:11:06', '2024-09-11 02:11:06'),
(2, 'user-40-02.jpg', 'Dominik Lamakani', 'dominik.lamakani@gmail.com', '🇩🇪 Dortmund, DE', 77, '#779912', '$14,767.04', 4, 0, '2024-09-11 02:11:06', '2024-09-11 02:11:06'),
(3, 'user-40-03.jpg', 'Ivan Mesaros', 'imivanmes@gmail.com', '🇫🇷 Paris, FR', 44, '#889924', '$4,996.00', 1, 1, '2024-09-11 02:11:06', '2024-09-11 02:11:06'),
(4, 'user-40-04.jpg', 'Maria Martinez', 'martinezhome@gmail.com', '🇮🇹 Bologna, IT', 29, '#897726', '$3,220.66', 2, 0, '2024-09-11 02:11:06', '2024-09-11 02:11:06'),
(5, 'user-40-05.jpg', 'Vicky Jung', 'itsvicky@contact.com', '🇬🇧 London, UK', 22, '#123567', '$2,890.66', 0, 1, '2024-09-11 02:11:06', '2024-09-11 02:11:06'),
(6, 'user-40-06.jpg', 'Tisho Yanchev', 'tisho.y@kurlytech.com', '🇬🇧 London, UK', 14, '#896644', '$1,649.99', 1, 1, '2024-09-11 02:11:06', '2024-09-11 02:11:06'),
(7, 'user-40-07.jpg', 'James Cameron', 'james.ceo@james.tech', '🇫🇷 Marseille, FR', 34, '#136988', '$3,569.87', 2, 1, '2024-09-11 02:11:06', '2024-09-11 02:11:06'),
(8, 'user-40-08.jpg', 'Haruki Masuno', 'haruki@supermail.jp', '🇯🇵 Tokio, JP', 112, '#442206', '$19,246.07', 6, 0, '2024-09-11 02:11:06', '2024-09-11 02:11:06'),
(9, 'user-40-09.jpg', 'Joe Huang', 'joehuang@hotmail.com', '🇨🇳 Shanghai, CN', 64, '#764321', '$12,276.92', 0, 1, '2024-09-11 02:11:06', '2024-09-11 02:11:06'),
(10, 'user-40-10.jpg', 'Carolyn McNeail', 'carolynlove@gmail.com', '🇮🇹 Milan, IT', 19, '#908764', '$1,289.97', 2, 0, '2024-09-11 02:11:06', '2024-09-11 02:11:06'),
(11, 'user-40-03.jpg', 'Ivan Mesaros', 'imivanmes@gmail.com', '🇫🇷 Paris, FR', 44, '#889924', '$4,996.00', 1, 1, '2024-09-11 02:11:06', '2024-09-11 02:11:06'),
(12, 'user-40-04.jpg', 'Maria Martinez', 'martinezhome@gmail.com', '🇮🇹 Bologna, IT', 29, '#897726', '$3,220.66', 2, 0, '2024-09-11 02:11:06', '2024-09-11 02:11:06');

-- --------------------------------------------------------

--
-- Table structure for table `datafeeds`
--

CREATE TABLE `datafeeds` (
  `id` bigint UNSIGNED NOT NULL,
  `label` varchar(255) COLLATE utf8mb4_unicode_ci DEFAULT NULL,
  `data` float DEFAULT NULL,
  `dataset_name` tinyint DEFAULT NULL,
  `data_type` tinyint NOT NULL DEFAULT '1',
  `created_at` timestamp NULL DEFAULT NULL,
  `updated_at` timestamp NULL DEFAULT NULL
) ENGINE=InnoDB DEFAULT CHARSET=utf8mb4 COLLATE=utf8mb4_unicode_ci;

--
-- Dumping data for table `datafeeds`
--

INSERT INTO `datafeeds` (`id`, `label`, `data`, `dataset_name`, `data_type`, `created_at`, `updated_at`) VALUES
(1, '12-01-2022', 732, 1, 1, '2024-09-11 02:11:03', '2024-09-11 02:11:03'),
(2, '01-01-2023', 610, 1, 1, '2024-09-11 02:11:03', '2024-09-11 02:11:03'),
(3, '02-01-2023', 610, 1, 1, '2024-09-11 02:11:03', '2024-09-11 02:11:03'),
(4, '03-01-2023', 504, 1, 1, '2024-09-11 02:11:03', '2024-09-11 02:11:03'),
(5, '04-01-2023', 504, 1, 1, '2024-09-11 02:11:03', '2024-09-11 02:11:03'),
(6, '05-01-2023', 504, 1, 1, '2024-09-11 02:11:03', '2024-09-11 02:11:03'),
(7, '06-01-2023', 349, 1, 1, '2024-09-11 02:11:03', '2024-09-11 02:11:03'),
(8, '07-01-2023', 349, 1, 1, '2024-09-11 02:11:03', '2024-09-11 02:11:03'),
(9, '08-01-2023', 504, 1, 1, '2024-09-11 02:11:03', '2024-09-11 02:11:03'),
(10, '09-01-2023', 342, 1, 1, '2024-09-11 02:11:03', '2024-09-11 02:11:03'),
(11, '10-01-2023', 504, 1, 1, '2024-09-11 02:11:03', '2024-09-11 02:11:03'),
(12, '11-01-2023', 610, 1, 1, '2024-09-11 02:11:03', '2024-09-11 02:11:03'),
(13, '12-01-2023', 391, 1, 1, '2024-09-11 02:11:03', '2024-09-11 02:11:03'),
(14, '01-01-2024', 192, 1, 1, '2024-09-11 02:11:03', '2024-09-11 02:11:03'),
(15, '02-01-2024', 154, 1, 1, '2024-09-11 02:11:03', '2024-09-11 02:11:03'),
(16, '03-01-2024', 273, 1, 1, '2024-09-11 02:11:03', '2024-09-11 02:11:03'),
(17, '04-01-2024', 191, 1, 1, '2024-09-11 02:11:03', '2024-09-11 02:11:03'),
(18, '05-01-2024', 191, 1, 1, '2024-09-11 02:11:03', '2024-09-11 02:11:03'),
(19, '06-01-2024', 126, 1, 1, '2024-09-11 02:11:03', '2024-09-11 02:11:03'),
(20, '07-01-2024', 263, 1, 1, '2024-09-11 02:11:03', '2024-09-11 02:11:03'),
(21, '08-01-2024', 349, 1, 1, '2024-09-11 02:11:03', '2024-09-11 02:11:03'),
(22, '09-01-2024', 252, 1, 1, '2024-09-11 02:11:03', '2024-09-11 02:11:03'),
(23, '10-01-2024', 423, 1, 1, '2024-09-11 02:11:03', '2024-09-11 02:11:03'),
(24, '11-01-2024', 622, 1, 1, '2024-09-11 02:11:03', '2024-09-11 02:11:03'),
(25, '12-01-2024', 470, 1, 1, '2024-09-11 02:11:03', '2024-09-11 02:11:03'),
(26, '01-01-2025', 532, 1, 1, '2024-09-11 02:11:03', '2024-09-11 02:11:03'),
(27, NULL, 532, 2, 1, '2024-09-11 02:11:03', '2024-09-11 02:11:03'),
(28, NULL, 532, 2, 1, '2024-09-11 02:11:03', '2024-09-11 02:11:03'),
(29, NULL, 532, 2, 1, '2024-09-11 02:11:03', '2024-09-11 02:11:03'),
(30, NULL, 404, 2, 1, '2024-09-11 02:11:03', '2024-09-11 02:11:03'),
(31, NULL, 404, 2, 1, '2024-09-11 02:11:03', '2024-09-11 02:11:03'),
(32, NULL, 314, 2, 1, '2024-09-11 02:11:03', '2024-09-11 02:11:03'),
(33, NULL, 314, 2, 1, '2024-09-11 02:11:03', '2024-09-11 02:11:03'),
(34, NULL, 314, 2, 1, '2024-09-11 02:11:03', '2024-09-11 02:11:03'),
(35, NULL, 314, 2, 1, '2024-09-11 02:11:03', '2024-09-11 02:11:03'),
(36, NULL, 314, 2, 1, '2024-09-11 02:11:03', '2024-09-11 02:11:03'),
(37, NULL, 234, 2, 1, '2024-09-11 02:11:03', '2024-09-11 02:11:03'),
(38, NULL, 314, 2, 1, '2024-09-11 02:11:03', '2024-09-11 02:11:03'),
(39, NULL, 234, 2, 1, '2024-09-11 02:11:03', '2024-09-11 02:11:03'),
(40, NULL, 234, 2, 1, '2024-09-11 02:11:03', '2024-09-11 02:11:03'),
(41, NULL, 314, 2, 1, '2024-09-11 02:11:03', '2024-09-11 02:11:03'),
(42, NULL, 314, 2, 1, '2024-09-11 02:11:03', '2024-09-11 02:11:03'),
(43, NULL, 314, 2, 1, '2024-09-11 02:11:03', '2024-09-11 02:11:03'),
(44, NULL, 388, 2, 1, '2024-09-11 02:11:03', '2024-09-11 02:11:03'),
(45, NULL, 314, 2, 1, '2024-09-11 02:11:03', '2024-09-11 02:11:03'),
(46, NULL, 202, 2, 1, '2024-09-11 02:11:03', '2024-09-11 02:11:03'),
(47, NULL, 202, 2, 1, '2024-09-11 02:11:03', '2024-09-11 02:11:03'),
(48, NULL, 202, 2, 1, '2024-09-11 02:11:03', '2024-09-11 02:11:03'),
(49, NULL, 202, 2, 1, '2024-09-11 02:11:03', '2024-09-11 02:11:03'),
(50, NULL, 314, 2, 1, '2024-09-11 02:11:03', '2024-09-11 02:11:03'),
(51, NULL, 720, 2, 1, '2024-09-11 02:11:03', '2024-09-11 02:11:03'),
(52, NULL, 642, 2, 1, '2024-09-11 02:11:03', '2024-09-11 02:11:03'),
(53, '12-01-2022', 622, 1, 2, '2024-09-11 02:11:03', '2024-09-11 02:11:03'),
(54, '01-01-2023', 622, 1, 2, '2024-09-11 02:11:03', '2024-09-11 02:11:03'),
(55, '02-01-2023', 426, 1, 2, '2024-09-11 02:11:03', '2024-09-11 02:11:03'),
(56, '03-01-2023', 471, 1, 2, '2024-09-11 02:11:03', '2024-09-11 02:11:03'),
(57, '04-01-2023', 365, 1, 2, '2024-09-11 02:11:03', '2024-09-11 02:11:03'),
(58, '05-01-2023', 365, 1, 2, '2024-09-11 02:11:03', '2024-09-11 02:11:03'),
(59, '06-01-2023', 238, 1, 2, '2024-09-11 02:11:03', '2024-09-11 02:11:03'),
(60, '07-01-2023', 324, 1, 2, '2024-09-11 02:11:03', '2024-09-11 02:11:03'),
(61, '08-01-2023', 288, 1, 2, '2024-09-11 02:11:03', '2024-09-11 02:11:03'),
(62, '09-01-2023', 206, 1, 2, '2024-09-11 02:11:03', '2024-09-11 02:11:03'),
(63, '10-01-2023', 324, 1, 2, '2024-09-11 02:11:03', '2024-09-11 02:11:03'),
(64, '11-01-2023', 324, 1, 2, '2024-09-11 02:11:03', '2024-09-11 02:11:03'),
(65, '12-01-2023', 500, 1, 2, '2024-09-11 02:11:03', '2024-09-11 02:11:03'),
(66, '01-01-2024', 409, 1, 2, '2024-09-11 02:11:03', '2024-09-11 02:11:03'),
(67, '02-01-2024', 409, 1, 2, '2024-09-11 02:11:03', '2024-09-11 02:11:03'),
(68, '03-01-2024', 273, 1, 2, '2024-09-11 02:11:03', '2024-09-11 02:11:03'),
(69, '04-01-2024', 232, 1, 2, '2024-09-11 02:11:03', '2024-09-11 02:11:03'),
(70, '05-01-2024', 273, 1, 2, '2024-09-11 02:11:03', '2024-09-11 02:11:03'),
(71, '06-01-2024', 500, 1, 2, '2024-09-11 02:11:03', '2024-09-11 02:11:03'),
(72, '07-01-2024', 570, 1, 2, '2024-09-11 02:11:03', '2024-09-11 02:11:03'),
(73, '08-01-2024', 767, 1, 2, '2024-09-11 02:11:03', '2024-09-11 02:11:03'),
(74, '09-01-2024', 808, 1, 2, '2024-09-11 02:11:03', '2024-09-11 02:11:03'),
(75, '10-01-2024', 685, 1, 2, '2024-09-11 02:11:03', '2024-09-11 02:11:03'),
(76, '11-01-2024', 767, 1, 2, '2024-09-11 02:11:03', '2024-09-11 02:11:03'),
(77, '12-01-2024', 685, 1, 2, '2024-09-11 02:11:03', '2024-09-11 02:11:03'),
(78, '01-01-2025', 685, 1, 2, '2024-09-11 02:11:03', '2024-09-11 02:11:03'),
(79, NULL, 732, 2, 2, '2024-09-11 02:11:03', '2024-09-11 02:11:03'),
(80, NULL, 610, 2, 2, '2024-09-11 02:11:03', '2024-09-11 02:11:03'),
(81, NULL, 610, 2, 2, '2024-09-11 02:11:03', '2024-09-11 02:11:03'),
(82, NULL, 504, 2, 2, '2024-09-11 02:11:03', '2024-09-11 02:11:03'),
(83, NULL, 504, 2, 2, '2024-09-11 02:11:03', '2024-09-11 02:11:03'),
(84, NULL, 504, 2, 2, '2024-09-11 02:11:03', '2024-09-11 02:11:03'),
(85, NULL, 349, 2, 2, '2024-09-11 02:11:03', '2024-09-11 02:11:03'),
(86, NULL, 349, 2, 2, '2024-09-11 02:11:03', '2024-09-11 02:11:03'),
(87, NULL, 504, 2, 2, '2024-09-11 02:11:03', '2024-09-11 02:11:03'),
(88, NULL, 342, 2, 2, '2024-09-11 02:11:03', '2024-09-11 02:11:03'),
(89, NULL, 504, 2, 2, '2024-09-11 02:11:03', '2024-09-11 02:11:03'),
(90, NULL, 610, 2, 2, '2024-09-11 02:11:03', '2024-09-11 02:11:03'),
(91, NULL, 391, 2, 2, '2024-09-11 02:11:03', '2024-09-11 02:11:03'),
(92, NULL, 192, 2, 2, '2024-09-11 02:11:03', '2024-09-11 02:11:03'),
(93, NULL, 154, 2, 2, '2024-09-11 02:11:03', '2024-09-11 02:11:03'),
(94, NULL, 273, 2, 2, '2024-09-11 02:11:03', '2024-09-11 02:11:03'),
(95, NULL, 191, 2, 2, '2024-09-11 02:11:03', '2024-09-11 02:11:03'),
(96, NULL, 191, 2, 2, '2024-09-11 02:11:03', '2024-09-11 02:11:03'),
(97, NULL, 126, 2, 2, '2024-09-11 02:11:03', '2024-09-11 02:11:03'),
(98, NULL, 263, 2, 2, '2024-09-11 02:11:03', '2024-09-11 02:11:03'),
(99, NULL, 349, 2, 2, '2024-09-11 02:11:03', '2024-09-11 02:11:03'),
(100, NULL, 252, 2, 2, '2024-09-11 02:11:03', '2024-09-11 02:11:03'),
(101, NULL, 423, 2, 2, '2024-09-11 02:11:03', '2024-09-11 02:11:03'),
(102, NULL, 622, 2, 2, '2024-09-11 02:11:03', '2024-09-11 02:11:03'),
(103, NULL, 470, 2, 2, '2024-09-11 02:11:03', '2024-09-11 02:11:03'),
(104, NULL, 532, 2, 2, '2024-09-11 02:11:03', '2024-09-11 02:11:03'),
(105, '12-01-2022', 540, 1, 3, '2024-09-11 02:11:03', '2024-09-11 02:11:03'),
(106, '01-01-2023', 466, 1, 3, '2024-09-11 02:11:03', '2024-09-11 02:11:03'),
(107, '02-01-2023', 540, 1, 3, '2024-09-11 02:11:03', '2024-09-11 02:11:03'),
(108, '03-01-2023', 466, 1, 3, '2024-09-11 02:11:03', '2024-09-11 02:11:03'),
(109, '04-01-2023', 385, 1, 3, '2024-09-11 02:11:03', '2024-09-11 02:11:03'),
(110, '05-01-2023', 432, 1, 3, '2024-09-11 02:11:03', '2024-09-11 02:11:03'),
(111, '06-01-2023', 334, 1, 3, '2024-09-11 02:11:03', '2024-09-11 02:11:03'),
(112, '07-01-2023', 334, 1, 3, '2024-09-11 02:11:03', '2024-09-11 02:11:03'),
(113, '08-01-2023', 289, 1, 3, '2024-09-11 02:11:03', '2024-09-11 02:11:03'),
(114, '09-01-2023', 289, 1, 3, '2024-09-11 02:11:03', '2024-09-11 02:11:03'),
(115, '10-01-2023', 200, 1, 3, '2024-09-11 02:11:03', '2024-09-11 02:11:03'),
(116, '11-01-2023', 289, 1, 3, '2024-09-11 02:11:03', '2024-09-11 02:11:03'),
(117, '12-01-2023', 222, 1, 3, '2024-09-11 02:11:03', '2024-09-11 02:11:03'),
(118, '01-01-2024', 289, 1, 3, '2024-09-11 02:11:03', '2024-09-11 02:11:03'),
(119, '02-01-2024', 289, 1, 3, '2024-09-11 02:11:04', '2024-09-11 02:11:04'),
(120, '03-01-2024', 403, 1, 3, '2024-09-11 02:11:04', '2024-09-11 02:11:04'),
(121, '04-01-2024', 554, 1, 3, '2024-09-11 02:11:04', '2024-09-11 02:11:04'),
(122, '05-01-2024', 304, 1, 3, '2024-09-11 02:11:04', '2024-09-11 02:11:04'),
(123, '06-01-2024', 289, 1, 3, '2024-09-11 02:11:04', '2024-09-11 02:11:04'),
(124, '07-01-2024', 270, 1, 3, '2024-09-11 02:11:04', '2024-09-11 02:11:04'),
(125, '08-01-2024', 134, 1, 3, '2024-09-11 02:11:04', '2024-09-11 02:11:04'),
(126, '09-01-2024', 270, 1, 3, '2024-09-11 02:11:04', '2024-09-11 02:11:04'),
(127, '10-01-2024', 829, 1, 3, '2024-09-11 02:11:04', '2024-09-11 02:11:04'),
(128, '11-01-2024', 344, 1, 3, '2024-09-11 02:11:04', '2024-09-11 02:11:04'),
(129, '12-01-2024', 388, 1, 3, '2024-09-11 02:11:04', '2024-09-11 02:11:04'),
(130, '01-01-2025', 364, 1, 3, '2024-09-11 02:11:04', '2024-09-11 02:11:04'),
(131, NULL, 689, 2, 3, '2024-09-11 02:11:04', '2024-09-11 02:11:04'),
(132, NULL, 562, 2, 3, '2024-09-11 02:11:04', '2024-09-11 02:11:04'),
(133, NULL, 477, 2, 3, '2024-09-11 02:11:04', '2024-09-11 02:11:04'),
(134, NULL, 477, 2, 3, '2024-09-11 02:11:04', '2024-09-11 02:11:04'),
(135, NULL, 477, 2, 3, '2024-09-11 02:11:04', '2024-09-11 02:11:04'),
(136, NULL, 477, 2, 3, '2024-09-11 02:11:04', '2024-09-11 02:11:04'),
(137, NULL, 458, 2, 3, '2024-09-11 02:11:04', '2024-09-11 02:11:04'),
(138, NULL, 314, 2, 3, '2024-09-11 02:11:04', '2024-09-11 02:11:04'),
(139, NULL, 430, 2, 3, '2024-09-11 02:11:04', '2024-09-11 02:11:04'),
(140, NULL, 378, 2, 3, '2024-09-11 02:11:04', '2024-09-11 02:11:04'),
(141, NULL, 430, 2, 3, '2024-09-11 02:11:04', '2024-09-11 02:11:04'),
(142, NULL, 498, 2, 3, '2024-09-11 02:11:04', '2024-09-11 02:11:04'),
(143, NULL, 642, 2, 3, '2024-09-11 02:11:04', '2024-09-11 02:11:04'),
(144, NULL, 350, 2, 3, '2024-09-11 02:11:04', '2024-09-11 02:11:04'),
(145, NULL, 145, 2, 3, '2024-09-11 02:11:04', '2024-09-11 02:11:04'),
(146, NULL, 145, 2, 3, '2024-09-11 02:11:04', '2024-09-11 02:11:04'),
(147, NULL, 354, 2, 3, '2024-09-11 02:11:04', '2024-09-11 02:11:04'),
(148, NULL, 260, 2, 3, '2024-09-11 02:11:04', '2024-09-11 02:11:04'),
(149, NULL, 188, 2, 3, '2024-09-11 02:11:04', '2024-09-11 02:11:04'),
(150, NULL, 188, 2, 3, '2024-09-11 02:11:04', '2024-09-11 02:11:04'),
(151, NULL, 300, 2, 3, '2024-09-11 02:11:04', '2024-09-11 02:11:04'),
(152, NULL, 300, 2, 3, '2024-09-11 02:11:04', '2024-09-11 02:11:04'),
(153, NULL, 282, 2, 3, '2024-09-11 02:11:04', '2024-09-11 02:11:04'),
(154, NULL, 364, 2, 3, '2024-09-11 02:11:04', '2024-09-11 02:11:04'),
(155, NULL, 660, 2, 3, '2024-09-11 02:11:04', '2024-09-11 02:11:04'),
(156, NULL, 554, 2, 3, '2024-09-11 02:11:04', '2024-09-11 02:11:04'),
(157, '12-01-2022', 800, 1, 4, '2024-09-11 02:11:04', '2024-09-11 02:11:04'),
(158, '01-01-2023', 1600, 1, 4, '2024-09-11 02:11:04', '2024-09-11 02:11:04'),
(159, '02-01-2023', 900, 1, 4, '2024-09-11 02:11:04', '2024-09-11 02:11:04'),
(160, '03-01-2023', 1300, 1, 4, '2024-09-11 02:11:04', '2024-09-11 02:11:04'),
(161, '04-01-2023', 1950, 1, 4, '2024-09-11 02:11:04', '2024-09-11 02:11:04'),
(162, '05-01-2023', 1700, 1, 4, '2024-09-11 02:11:04', '2024-09-11 02:11:04'),
(163, NULL, 4900, 2, 4, '2024-09-11 02:11:04', '2024-09-11 02:11:04'),
(164, NULL, 2600, 2, 4, '2024-09-11 02:11:04', '2024-09-11 02:11:04'),
(165, NULL, 5350, 2, 4, '2024-09-11 02:11:04', '2024-09-11 02:11:04'),
(166, NULL, 4800, 2, 4, '2024-09-11 02:11:04', '2024-09-11 02:11:04'),
(167, NULL, 5200, 2, 4, '2024-09-11 02:11:04', '2024-09-11 02:11:04'),
(168, NULL, 4800, 2, 4, '2024-09-11 02:11:04', '2024-09-11 02:11:04'),
(169, '2022-05-18 11:30:00', 57.81, 1, 5, '2024-09-11 02:11:04', '2024-09-11 02:11:04'),
(170, '2022-05-18 12:00:00', 57.75, 1, 5, '2024-09-11 02:11:04', '2024-09-11 02:11:04'),
(171, '2022-05-18 12:30:00', 55.48, 1, 5, '2024-09-11 02:11:04', '2024-09-11 02:11:04'),
(172, '2022-05-18 13:00:00', 54.28, 1, 5, '2024-09-11 02:11:04', '2024-09-11 02:11:04'),
(173, '2022-05-18 13:30:00', 53.14, 1, 5, '2024-09-11 02:11:04', '2024-09-11 02:11:04'),
(174, '2022-05-18 14:00:00', 52.25, 1, 5, '2024-09-11 02:11:04', '2024-09-11 02:11:04'),
(175, '2022-05-18 14:30:00', 51.04, 1, 5, '2024-09-11 02:11:04', '2024-09-11 02:11:04'),
(176, '2022-05-18 15:00:00', 52.49, 1, 5, '2024-09-11 02:11:04', '2024-09-11 02:11:04'),
(177, '2022-05-18 15:30:00', 55.49, 1, 5, '2024-09-11 02:11:04', '2024-09-11 02:11:04'),
(178, '2022-05-18 16:00:00', 56.87, 1, 5, '2024-09-11 02:11:04', '2024-09-11 02:11:04'),
(179, '2022-05-18 16:30:00', 53.73, 1, 5, '2024-09-11 02:11:04', '2024-09-11 02:11:04'),
(180, '2022-05-18 17:00:00', 56.42, 1, 5, '2024-09-11 02:11:04', '2024-09-11 02:11:04'),
(181, '2022-05-18 17:30:00', 58.06, 1, 5, '2024-09-11 02:11:04', '2024-09-11 02:11:04'),
(182, '2022-05-18 18:00:00', 55.62, 1, 5, '2024-09-11 02:11:04', '2024-09-11 02:11:04'),
(183, '2022-05-18 18:30:00', 58.16, 1, 5, '2024-09-11 02:11:04', '2024-09-11 02:11:04'),
(184, '2022-05-18 19:00:00', 55.22, 1, 5, '2024-09-11 02:11:04', '2024-09-11 02:11:04'),
(185, '2022-05-18 19:30:00', 58.67, 1, 5, '2024-09-11 02:11:04', '2024-09-11 02:11:04'),
(186, '2022-05-18 20:00:00', 60.18, 1, 5, '2024-09-11 02:11:04', '2024-09-11 02:11:04'),
(187, '2022-05-18 20:30:00', 61.31, 1, 5, '2024-09-11 02:11:04', '2024-09-11 02:11:04'),
(188, '2022-05-18 21:00:00', 63.25, 1, 5, '2024-09-11 02:11:04', '2024-09-11 02:11:04'),
(189, '2022-05-18 21:30:00', 65.91, 1, 5, '2024-09-11 02:11:04', '2024-09-11 02:11:04'),
(190, '2022-05-18 22:00:00', 64.44, 1, 5, '2024-09-11 02:11:04', '2024-09-11 02:11:04'),
(191, '2022-05-18 22:30:00', 65.97, 1, 5, '2024-09-11 02:11:04', '2024-09-11 02:11:04'),
(192, '2022-05-18 23:00:00', 62.27, 1, 5, '2024-09-11 02:11:04', '2024-09-11 02:11:04'),
(193, '2022-05-18 23:30:00', 60.96, 1, 5, '2024-09-11 02:11:04', '2024-09-11 02:11:04'),
(194, '2022-05-19 00:00:00', 59.34, 1, 5, '2024-09-11 02:11:04', '2024-09-11 02:11:04'),
(195, '2022-05-19 00:30:00', 55.07, 1, 5, '2024-09-11 02:11:04', '2024-09-11 02:11:04'),
(196, '2022-05-19 01:00:00', 59.85, 1, 5, '2024-09-11 02:11:04', '2024-09-11 02:11:04'),
(197, '2022-05-19 01:30:00', 53.79, 1, 5, '2024-09-11 02:11:04', '2024-09-11 02:11:04'),
(198, '2022-05-19 02:00:00', 51.92, 1, 5, '2024-09-11 02:11:04', '2024-09-11 02:11:04'),
(199, '2022-05-19 02:30:00', 50.95, 1, 5, '2024-09-11 02:11:04', '2024-09-11 02:11:04'),
(200, '2022-05-19 03:00:00', 49.65, 1, 5, '2024-09-11 02:11:04', '2024-09-11 02:11:04'),
(201, '2022-05-19 03:30:00', 48.09, 1, 5, '2024-09-11 02:11:04', '2024-09-11 02:11:04'),
(202, '2022-05-19 04:00:00', 49.81, 1, 5, '2024-09-11 02:11:04', '2024-09-11 02:11:04'),
(203, '2022-05-19 04:30:00', 47.85, 1, 5, '2024-09-11 02:11:04', '2024-09-11 02:11:04'),
(204, '2022-05-19 05:00:00', 49.52, 1, 5, '2024-09-11 02:11:04', '2024-09-11 02:11:04'),
(205, '2022-05-19 05:30:00', 50.21, 1, 5, '2024-09-11 02:11:04', '2024-09-11 02:11:04'),
(206, '2022-05-19 06:00:00', 52.22, 1, 5, '2024-09-11 02:11:04', '2024-09-11 02:11:04'),
(207, '2022-05-19 06:30:00', 54.42, 1, 5, '2024-09-11 02:11:04', '2024-09-11 02:11:04'),
(208, '2022-05-19 07:00:00', 53.42, 1, 5, '2024-09-11 02:11:04', '2024-09-11 02:11:04'),
(209, '2022-05-19 07:30:00', 50.91, 1, 5, '2024-09-11 02:11:04', '2024-09-11 02:11:04'),
(210, '2022-05-19 08:00:00', 58.52, 1, 5, '2024-09-11 02:11:04', '2024-09-11 02:11:04'),
(211, '2022-05-19 08:30:00', 53.37, 1, 5, '2024-09-11 02:11:04', '2024-09-11 02:11:04'),
(212, '2022-05-19 09:00:00', 57.58, 1, 5, '2024-09-11 02:11:04', '2024-09-11 02:11:04'),
(213, '2022-05-19 09:30:00', 59.09, 1, 5, '2024-09-11 02:11:04', '2024-09-11 02:11:04'),
(214, '2022-05-19 10:00:00', 59.36, 1, 5, '2024-09-11 02:11:04', '2024-09-11 02:11:04'),
(215, '2022-05-19 10:30:00', 58.71, 1, 5, '2024-09-11 02:11:04', '2024-09-11 02:11:04'),
(216, '2022-05-19 11:00:00', 59.42, 1, 5, '2024-09-11 02:11:04', '2024-09-11 02:11:04'),
(217, '2022-05-19 11:30:00', 55.93, 1, 5, '2024-09-11 02:11:04', '2024-09-11 02:11:04'),
(218, '2022-05-19 12:00:00', 57.71, 1, 5, '2024-09-11 02:11:04', '2024-09-11 02:11:04'),
(219, '2022-05-19 12:30:00', 50.62, 1, 5, '2024-09-11 02:11:04', '2024-09-11 02:11:04'),
(220, '2022-05-19 13:00:00', 56.28, 1, 5, '2024-09-11 02:11:04', '2024-09-11 02:11:04'),
(221, '2022-05-19 13:30:00', 57.37, 1, 5, '2024-09-11 02:11:04', '2024-09-11 02:11:04'),
(222, '2022-05-19 14:00:00', 53.08, 1, 5, '2024-09-11 02:11:04', '2024-09-11 02:11:04'),
(223, '2022-05-19 14:30:00', 55.94, 1, 5, '2024-09-11 02:11:04', '2024-09-11 02:11:04'),
(224, '2022-05-19 15:00:00', 55.82, 1, 5, '2024-09-11 02:11:04', '2024-09-11 02:11:04'),
(225, '2022-05-19 15:30:00', 53.94, 1, 5, '2024-09-11 02:11:04', '2024-09-11 02:11:04'),
(226, '2022-05-19 16:00:00', 52.65, 1, 5, '2024-09-11 02:11:04', '2024-09-11 02:11:04'),
(227, '2022-05-19 16:30:00', 50.25, 1, 5, '2024-09-11 02:11:04', '2024-09-11 02:11:04'),
(228, 'United States', 35, NULL, 6, '2024-09-11 02:11:04', '2024-09-11 02:11:04'),
(229, 'Italy', 30, NULL, 6, '2024-09-11 02:11:04', '2024-09-11 02:11:04'),
(230, 'Other', 35, NULL, 6, '2024-09-11 02:11:04', '2024-09-11 02:11:04'),
(231, '12-01-2022', 73, 1, 8, '2024-09-11 02:11:04', '2024-09-11 02:11:04'),
(232, '01-01-2023', 64, 1, 8, '2024-09-11 02:11:04', '2024-09-11 02:11:04'),
(233, '02-01-2023', 73, 1, 8, '2024-09-11 02:11:04', '2024-09-11 02:11:04'),
(234, '03-01-2023', 69, 1, 8, '2024-09-11 02:11:04', '2024-09-11 02:11:04'),
(235, '04-01-2023', 104, 1, 8, '2024-09-11 02:11:04', '2024-09-11 02:11:04'),
(236, '05-01-2023', 104, 1, 8, '2024-09-11 02:11:04', '2024-09-11 02:11:04'),
(237, '06-01-2023', 164, 1, 8, '2024-09-11 02:11:04', '2024-09-11 02:11:04'),
(238, '07-01-2023', 164, 1, 8, '2024-09-11 02:11:04', '2024-09-11 02:11:04'),
(239, '08-01-2023', 120, 1, 8, '2024-09-11 02:11:04', '2024-09-11 02:11:04'),
(240, '09-01-2023', 120, 1, 8, '2024-09-11 02:11:04', '2024-09-11 02:11:04'),
(241, '10-01-2023', 120, 1, 8, '2024-09-11 02:11:04', '2024-09-11 02:11:04'),
(242, '11-01-2023', 148, 1, 8, '2024-09-11 02:11:04', '2024-09-11 02:11:04'),
(243, '12-01-2023', 142, 1, 8, '2024-09-11 02:11:04', '2024-09-11 02:11:04'),
(244, '01-01-2024', 104, 1, 8, '2024-09-11 02:11:04', '2024-09-11 02:11:04'),
(245, '02-01-2024', 122, 1, 8, '2024-09-11 02:11:04', '2024-09-11 02:11:04'),
(246, '03-01-2024', 110, 1, 8, '2024-09-11 02:11:04', '2024-09-11 02:11:04'),
(247, '04-01-2024', 104, 1, 8, '2024-09-11 02:11:04', '2024-09-11 02:11:04'),
(248, '05-01-2024', 152, 1, 8, '2024-09-11 02:11:04', '2024-09-11 02:11:04'),
(249, '06-01-2024', 166, 1, 8, '2024-09-11 02:11:04', '2024-09-11 02:11:04'),
(250, '07-01-2024', 233, 1, 8, '2024-09-11 02:11:04', '2024-09-11 02:11:04'),
(251, '08-01-2024', 268, 1, 8, '2024-09-11 02:11:04', '2024-09-11 02:11:04'),
(252, '09-01-2024', 252, 1, 8, '2024-09-11 02:11:04', '2024-09-11 02:11:04'),
(253, '10-01-2024', 284, 1, 8, '2024-09-11 02:11:04', '2024-09-11 02:11:04'),
(254, '11-01-2024', 284, 1, 8, '2024-09-11 02:11:04', '2024-09-11 02:11:04'),
(255, '12-01-2024', 333, 1, 8, '2024-09-11 02:11:04', '2024-09-11 02:11:04'),
(256, '01-01-2025', 323, 1, 8, '2024-09-11 02:11:04', '2024-09-11 02:11:04'),
(257, NULL, 184, 2, 8, '2024-09-11 02:11:04', '2024-09-11 02:11:04'),
(258, NULL, 86, 2, 8, '2024-09-11 02:11:04', '2024-09-11 02:11:04'),
(259, NULL, 42, 2, 8, '2024-09-11 02:11:04', '2024-09-11 02:11:04'),
(260, NULL, 378, 2, 8, '2024-09-11 02:11:04', '2024-09-11 02:11:04'),
(261, NULL, 42, 2, 8, '2024-09-11 02:11:04', '2024-09-11 02:11:04'),
(262, NULL, 243, 2, 8, '2024-09-11 02:11:04', '2024-09-11 02:11:04'),
(263, NULL, 38, 2, 8, '2024-09-11 02:11:04', '2024-09-11 02:11:04'),
(264, NULL, 120, 2, 8, '2024-09-11 02:11:04', '2024-09-11 02:11:04'),
(265, NULL, 0, 2, 8, '2024-09-11 02:11:04', '2024-09-11 02:11:04'),
(266, NULL, 0, 2, 8, '2024-09-11 02:11:04', '2024-09-11 02:11:04'),
(267, NULL, 42, 2, 8, '2024-09-11 02:11:04', '2024-09-11 02:11:04'),
(268, NULL, 0, 2, 8, '2024-09-11 02:11:04', '2024-09-11 02:11:04'),
(269, NULL, 84, 2, 8, '2024-09-11 02:11:04', '2024-09-11 02:11:04'),
(270, NULL, 0, 2, 8, '2024-09-11 02:11:04', '2024-09-11 02:11:04'),
(271, NULL, 276, 2, 8, '2024-09-11 02:11:04', '2024-09-11 02:11:04'),
(272, NULL, 0, 2, 8, '2024-09-11 02:11:04', '2024-09-11 02:11:04'),
(273, NULL, 124, 2, 8, '2024-09-11 02:11:04', '2024-09-11 02:11:04'),
(274, NULL, 42, 2, 8, '2024-09-11 02:11:04', '2024-09-11 02:11:04'),
(275, NULL, 124, 2, 8, '2024-09-11 02:11:04', '2024-09-11 02:11:04'),
(276, NULL, 88, 2, 8, '2024-09-11 02:11:04', '2024-09-11 02:11:04'),
(277, NULL, 88, 2, 8, '2024-09-11 02:11:04', '2024-09-11 02:11:04'),
(278, NULL, 215, 2, 8, '2024-09-11 02:11:04', '2024-09-11 02:11:04'),
(279, NULL, 156, 2, 8, '2024-09-11 02:11:04', '2024-09-11 02:11:04'),
(280, NULL, 88, 2, 8, '2024-09-11 02:11:04', '2024-09-11 02:11:04'),
(281, NULL, 124, 2, 8, '2024-09-11 02:11:04', '2024-09-11 02:11:04'),
(282, NULL, 64, 2, 8, '2024-09-11 02:11:04', '2024-09-11 02:11:04'),
(283, NULL, 122, 3, 8, '2024-09-11 02:11:04', '2024-09-11 02:11:04'),
(284, NULL, 170, 3, 8, '2024-09-11 02:11:04', '2024-09-11 02:11:04'),
(285, NULL, 192, 3, 8, '2024-09-11 02:11:04', '2024-09-11 02:11:04'),
(286, NULL, 86, 3, 8, '2024-09-11 02:11:04', '2024-09-11 02:11:04'),
(287, NULL, 102, 3, 8, '2024-09-11 02:11:04', '2024-09-11 02:11:04'),
(288, NULL, 124, 3, 8, '2024-09-11 02:11:04', '2024-09-11 02:11:04'),
(289, NULL, 115, 3, 8, '2024-09-11 02:11:04', '2024-09-11 02:11:04'),
(290, NULL, 115, 3, 8, '2024-09-11 02:11:04', '2024-09-11 02:11:04'),
(291, NULL, 56, 3, 8, '2024-09-11 02:11:04', '2024-09-11 02:11:04'),
(292, NULL, 104, 3, 8, '2024-09-11 02:11:04', '2024-09-11 02:11:04'),
(293, NULL, 0, 3, 8, '2024-09-11 02:11:04', '2024-09-11 02:11:04'),
(294, NULL, 72, 3, 8, '2024-09-11 02:11:04', '2024-09-11 02:11:04'),
(295, NULL, 208, 3, 8, '2024-09-11 02:11:04', '2024-09-11 02:11:04'),
(296, NULL, 186, 3, 8, '2024-09-11 02:11:04', '2024-09-11 02:11:04'),
(297, NULL, 223, 3, 8, '2024-09-11 02:11:04', '2024-09-11 02:11:04'),
(298, NULL, 188, 3, 8, '2024-09-11 02:11:04', '2024-09-11 02:11:04'),
(299, NULL, 114, 3, 8, '2024-09-11 02:11:04', '2024-09-11 02:11:04'),
(300, NULL, 162, 3, 8, '2024-09-11 02:11:04', '2024-09-11 02:11:04'),
(301, NULL, 200, 3, 8, '2024-09-11 02:11:04', '2024-09-11 02:11:04'),
(302, NULL, 150, 3, 8, '2024-09-11 02:11:04', '2024-09-11 02:11:04'),
(303, NULL, 118, 3, 8, '2024-09-11 02:11:04', '2024-09-11 02:11:04'),
(304, NULL, 118, 3, 8, '2024-09-11 02:11:04', '2024-09-11 02:11:04'),
(305, NULL, 76, 3, 8, '2024-09-11 02:11:04', '2024-09-11 02:11:04'),
(306, NULL, 122, 3, 8, '2024-09-11 02:11:04', '2024-09-11 02:11:04'),
(307, NULL, 230, 3, 8, '2024-09-11 02:11:04', '2024-09-11 02:11:04'),
(308, NULL, 268, 3, 8, '2024-09-11 02:11:04', '2024-09-11 02:11:04'),
(309, '12-01-2022', 6200, 1, 9, '2024-09-11 02:11:04', '2024-09-11 02:11:04'),
(310, '01-01-2023', 9200, 1, 9, '2024-09-11 02:11:04', '2024-09-11 02:11:04'),
(311, '02-01-2023', 6600, 1, 9, '2024-09-11 02:11:04', '2024-09-11 02:11:04'),
(312, '03-01-2023', 8800, 1, 9, '2024-09-11 02:11:04', '2024-09-11 02:11:04'),
(313, '04-01-2023', 5200, 1, 9, '2024-09-11 02:11:04', '2024-09-11 02:11:04'),
(314, '05-01-2023', 9200, 1, 9, '2024-09-11 02:11:04', '2024-09-11 02:11:04'),
(315, NULL, -4000, 2, 9, '2024-09-11 02:11:04', '2024-09-11 02:11:04'),
(316, NULL, -2600, 2, 9, '2024-09-11 02:11:04', '2024-09-11 02:11:04'),
(317, NULL, -5350, 2, 9, '2024-09-11 02:11:04', '2024-09-11 02:11:04'),
(318, NULL, -4000, 2, 9, '2024-09-11 02:11:04', '2024-09-11 02:11:04'),
(319, NULL, -7500, 2, 9, '2024-09-11 02:11:04', '2024-09-11 02:11:04'),
(320, NULL, -2000, 2, 9, '2024-09-11 02:11:04', '2024-09-11 02:11:04'),
(321, '12-01-2022', 5000, 1, 10, '2024-09-11 02:11:04', '2024-09-11 02:11:04'),
(322, '01-01-2023', 8700, 1, 10, '2024-09-11 02:11:04', '2024-09-11 02:11:04'),
(323, '02-01-2023', 7500, 1, 10, '2024-09-11 02:11:04', '2024-09-11 02:11:04'),
(324, '03-01-2023', 12000, 1, 10, '2024-09-11 02:11:04', '2024-09-11 02:11:04'),
(325, '04-01-2023', 11000, 1, 10, '2024-09-11 02:11:04', '2024-09-11 02:11:04'),
(326, '05-01-2023', 9500, 1, 10, '2024-09-11 02:11:04', '2024-09-11 02:11:04'),
(327, '06-01-2023', 10500, 1, 10, '2024-09-11 02:11:04', '2024-09-11 02:11:04'),
(328, '07-01-2023', 10000, 1, 10, '2024-09-11 02:11:04', '2024-09-11 02:11:04'),
(329, '08-01-2023', 15000, 1, 10, '2024-09-11 02:11:04', '2024-09-11 02:11:04'),
(330, '09-01-2023', 9000, 1, 10, '2024-09-11 02:11:04', '2024-09-11 02:11:04'),
(331, '10-01-2023', 10000, 1, 10, '2024-09-11 02:11:04', '2024-09-11 02:11:04'),
(332, '11-01-2023', 7000, 1, 10, '2024-09-11 02:11:04', '2024-09-11 02:11:04'),
(333, '12-01-2023', 22000, 1, 10, '2024-09-11 02:11:04', '2024-09-11 02:11:04'),
(334, '01-01-2024', 7200, 1, 10, '2024-09-11 02:11:04', '2024-09-11 02:11:04'),
(335, '02-01-2024', 9800, 1, 10, '2024-09-11 02:11:04', '2024-09-11 02:11:04'),
(336, '03-01-2024', 9000, 1, 10, '2024-09-11 02:11:04', '2024-09-11 02:11:04'),
(337, '04-01-2024', 10000, 1, 10, '2024-09-11 02:11:04', '2024-09-11 02:11:04'),
(338, '05-01-2024', 8000, 1, 10, '2024-09-11 02:11:04', '2024-09-11 02:11:04'),
(339, '06-01-2024', 15000, 1, 10, '2024-09-11 02:11:04', '2024-09-11 02:11:04'),
(340, '07-01-2024', 12000, 1, 10, '2024-09-11 02:11:04', '2024-09-11 02:11:04'),
(341, '08-01-2024', 11000, 1, 10, '2024-09-11 02:11:04', '2024-09-11 02:11:04'),
(342, '09-01-2024', 13000, 1, 10, '2024-09-11 02:11:04', '2024-09-11 02:11:04'),
(343, '10-01-2024', 11000, 1, 10, '2024-09-11 02:11:04', '2024-09-11 02:11:04'),
(344, '11-01-2024', 15000, 1, 10, '2024-09-11 02:11:05', '2024-09-11 02:11:05'),
(345, '12-01-2024', 17000, 1, 10, '2024-09-11 02:11:05', '2024-09-11 02:11:05'),
(346, '01-01-2025', 18000, 1, 10, '2024-09-11 02:11:05', '2024-09-11 02:11:05'),
(347, NULL, 8000, 2, 10, '2024-09-11 02:11:05', '2024-09-11 02:11:05'),
(348, NULL, 5000, 2, 10, '2024-09-11 02:11:05', '2024-09-11 02:11:05'),
(349, NULL, 6500, 2, 10, '2024-09-11 02:11:05', '2024-09-11 02:11:05'),
(350, NULL, 5000, 2, 10, '2024-09-11 02:11:05', '2024-09-11 02:11:05'),
(351, NULL, 6500, 2, 10, '2024-09-11 02:11:05', '2024-09-11 02:11:05'),
(352, NULL, 12000, 2, 10, '2024-09-11 02:11:05', '2024-09-11 02:11:05'),
(353, NULL, 8000, 2, 10, '2024-09-11 02:11:05', '2024-09-11 02:11:05'),
(354, NULL, 9000, 2, 10, '2024-09-11 02:11:05', '2024-09-11 02:11:05'),
(355, NULL, 8000, 2, 10, '2024-09-11 02:11:05', '2024-09-11 02:11:05'),
(356, NULL, 8000, 2, 10, '2024-09-11 02:11:05', '2024-09-11 02:11:05'),
(357, NULL, 12500, 2, 10, '2024-09-11 02:11:05', '2024-09-11 02:11:05'),
(358, NULL, 10000, 2, 10, '2024-09-11 02:11:05', '2024-09-11 02:11:05'),
(359, NULL, 10000, 2, 10, '2024-09-11 02:11:05', '2024-09-11 02:11:05'),
(360, NULL, 12000, 2, 10, '2024-09-11 02:11:05', '2024-09-11 02:11:05'),
(361, NULL, 11000, 2, 10, '2024-09-11 02:11:05', '2024-09-11 02:11:05'),
(362, NULL, 16000, 2, 10, '2024-09-11 02:11:05', '2024-09-11 02:11:05'),
(363, NULL, 12000, 2, 10, '2024-09-11 02:11:05', '2024-09-11 02:11:05'),
(364, NULL, 10000, 2, 10, '2024-09-11 02:11:05', '2024-09-11 02:11:05'),
(365, NULL, 10000, 2, 10, '2024-09-11 02:11:05', '2024-09-11 02:11:05'),
(366, NULL, 14000, 2, 10, '2024-09-11 02:11:05', '2024-09-11 02:11:05'),
(367, NULL, 9000, 2, 10, '2024-09-11 02:11:05', '2024-09-11 02:11:05'),
(368, NULL, 10000, 2, 10, '2024-09-11 02:11:05', '2024-09-11 02:11:05'),
(369, NULL, 15000, 2, 10, '2024-09-11 02:11:05', '2024-09-11 02:11:05'),
(370, NULL, 12500, 2, 10, '2024-09-11 02:11:05', '2024-09-11 02:11:05'),
(371, NULL, 14000, 2, 10, '2024-09-11 02:11:05', '2024-09-11 02:11:05'),
(372, NULL, 11000, 2, 10, '2024-09-11 02:11:05', '2024-09-11 02:11:05'),
(373, '12-01-2022', 732, NULL, 11, '2024-09-11 02:11:05', '2024-09-11 02:11:05'),
(374, '01-01-2023', 610, NULL, 11, '2024-09-11 02:11:05', '2024-09-11 02:11:05'),
(375, '02-01-2023', 610, NULL, 11, '2024-09-11 02:11:05', '2024-09-11 02:11:05'),
(376, '03-01-2023', 504, NULL, 11, '2024-09-11 02:11:05', '2024-09-11 02:11:05'),
(377, '04-01-2023', 504, NULL, 11, '2024-09-11 02:11:05', '2024-09-11 02:11:05'),
(378, '05-01-2023', 504, NULL, 11, '2024-09-11 02:11:05', '2024-09-11 02:11:05'),
(379, '06-01-2023', 349, NULL, 11, '2024-09-11 02:11:05', '2024-09-11 02:11:05'),
(380, '07-01-2023', 349, NULL, 11, '2024-09-11 02:11:05', '2024-09-11 02:11:05'),
(381, '08-01-2023', 504, NULL, 11, '2024-09-11 02:11:05', '2024-09-11 02:11:05'),
(382, '09-01-2023', 342, NULL, 11, '2024-09-11 02:11:05', '2024-09-11 02:11:05'),
(383, '10-01-2023', 504, NULL, 11, '2024-09-11 02:11:05', '2024-09-11 02:11:05'),
(384, '11-01-2023', 610, NULL, 11, '2024-09-11 02:11:05', '2024-09-11 02:11:05'),
(385, '12-01-2023', 391, NULL, 11, '2024-09-11 02:11:05', '2024-09-11 02:11:05'),
(386, '01-01-2024', 192, NULL, 11, '2024-09-11 02:11:05', '2024-09-11 02:11:05'),
(387, '02-01-2024', 154, NULL, 11, '2024-09-11 02:11:05', '2024-09-11 02:11:05'),
(388, '03-01-2024', 273, NULL, 11, '2024-09-11 02:11:05', '2024-09-11 02:11:05'),
(389, '04-01-2024', 191, NULL, 11, '2024-09-11 02:11:05', '2024-09-11 02:11:05'),
(390, '05-01-2024', 191, NULL, 11, '2024-09-11 02:11:05', '2024-09-11 02:11:05'),
(391, '06-01-2024', 126, NULL, 11, '2024-09-11 02:11:05', '2024-09-11 02:11:05'),
(392, '07-01-2024', 263, NULL, 11, '2024-09-11 02:11:05', '2024-09-11 02:11:05'),
(393, '08-01-2024', 349, NULL, 11, '2024-09-11 02:11:05', '2024-09-11 02:11:05'),
(394, '09-01-2024', 252, NULL, 11, '2024-09-11 02:11:05', '2024-09-11 02:11:05'),
(395, '10-01-2024', 423, NULL, 11, '2024-09-11 02:11:05', '2024-09-11 02:11:05'),
(396, '11-01-2024', 622, NULL, 11, '2024-09-11 02:11:05', '2024-09-11 02:11:05'),
(397, '12-01-2024', 470, NULL, 11, '2024-09-11 02:11:05', '2024-09-11 02:11:05'),
(398, '01-01-2025', 532, NULL, 11, '2024-09-11 02:11:05', '2024-09-11 02:11:05'),
(399, '12-01-2022', 5000, 1, 12, '2024-09-11 02:11:05', '2024-09-11 02:11:05'),
(400, '01-01-2023', 4000, 1, 12, '2024-09-11 02:11:05', '2024-09-11 02:11:05'),
(401, '02-01-2023', 4000, 1, 12, '2024-09-11 02:11:05', '2024-09-11 02:11:05'),
(402, '03-01-2023', 3800, 1, 12, '2024-09-11 02:11:05', '2024-09-11 02:11:05'),
(403, '04-01-2023', 5200, 1, 12, '2024-09-11 02:11:05', '2024-09-11 02:11:05'),
(404, '05-01-2023', 5100, 1, 12, '2024-09-11 02:11:05', '2024-09-11 02:11:05'),
(405, NULL, 2500, 2, 12, '2024-09-11 02:11:05', '2024-09-11 02:11:05'),
(406, NULL, 2600, 2, 12, '2024-09-11 02:11:05', '2024-09-11 02:11:05'),
(407, NULL, 4000, 2, 12, '2024-09-11 02:11:05', '2024-09-11 02:11:05'),
(408, NULL, 4000, 2, 12, '2024-09-11 02:11:05', '2024-09-11 02:11:05'),
(409, NULL, 4800, 2, 12, '2024-09-11 02:11:05', '2024-09-11 02:11:05'),
(410, NULL, 3500, 2, 12, '2024-09-11 02:11:05', '2024-09-11 02:11:05'),
(411, NULL, 2300, 3, 12, '2024-09-11 02:11:05', '2024-09-11 02:11:05'),
(412, NULL, 2000, 3, 12, '2024-09-11 02:11:05', '2024-09-11 02:11:05'),
(413, NULL, 3100, 3, 12, '2024-09-11 02:11:05', '2024-09-11 02:11:05'),
(414, NULL, 2700, 3, 12, '2024-09-11 02:11:05', '2024-09-11 02:11:05'),
(415, NULL, 1300, 3, 12, '2024-09-11 02:11:05', '2024-09-11 02:11:05'),
(416, NULL, 2600, 3, 12, '2024-09-11 02:11:05', '2024-09-11 02:11:05'),
(417, NULL, 4800, 4, 12, '2024-09-11 02:11:05', '2024-09-11 02:11:05'),
(418, NULL, 4200, 4, 12, '2024-09-11 02:11:05', '2024-09-11 02:11:05'),
(419, NULL, 4800, 4, 12, '2024-09-11 02:11:05', '2024-09-11 02:11:05'),
(420, NULL, 1800, 4, 12, '2024-09-11 02:11:05', '2024-09-11 02:11:05'),
(421, NULL, 3300, 4, 12, '2024-09-11 02:11:05', '2024-09-11 02:11:05'),
(422, NULL, 3500, 4, 12, '2024-09-11 02:11:05', '2024-09-11 02:11:05'),
(423, '02-01-2023', 8000, 1, 13, '2024-09-11 02:11:05', '2024-09-11 02:11:05'),
(424, '03-01-2023', 3800, 1, 13, '2024-09-11 02:11:05', '2024-09-11 02:11:05'),
(425, '04-01-2023', 5350, 1, 13, '2024-09-11 02:11:05', '2024-09-11 02:11:05'),
(426, '05-01-2023', 7800, 1, 13, '2024-09-11 02:11:05', '2024-09-11 02:11:05'),
(427, NULL, 4000, 2, 13, '2024-09-11 02:11:05', '2024-09-11 02:11:05'),
(428, NULL, 6500, 2, 13, '2024-09-11 02:11:05', '2024-09-11 02:11:05'),
(429, NULL, 2200, 2, 13, '2024-09-11 02:11:05', '2024-09-11 02:11:05'),
(430, NULL, 5800, 2, 13, '2024-09-11 02:11:05', '2024-09-11 02:11:05'),
(431, 'Desktop', 12, NULL, 14, '2024-09-11 02:11:05', '2024-09-11 02:11:05'),
(432, 'Mobile', 50, NULL, 14, '2024-09-11 02:11:05', '2024-09-11 02:11:05'),
(433, 'Tablet', 38, NULL, 14, '2024-09-11 02:11:05', '2024-09-11 02:11:05'),
(434, '<18', 30, NULL, 15, '2024-09-11 02:11:05', '2024-09-11 02:11:05'),
(435, '18-24', 50, NULL, 15, '2024-09-11 02:11:05', '2024-09-11 02:11:05'),
(436, '24-36', 5, NULL, 15, '2024-09-11 02:11:05', '2024-09-11 02:11:05'),
(437, '>35', 15, NULL, 15, '2024-09-11 02:11:05', '2024-09-11 02:11:05'),
(438, 'Males', 500, NULL, 16, '2024-09-11 02:11:05', '2024-09-11 02:11:05'),
(439, 'Females', 326, NULL, 16, '2024-09-11 02:11:05', '2024-09-11 02:11:05'),
(440, 'Unknown', 242, NULL, 16, '2024-09-11 02:11:05', '2024-09-11 02:11:05'),
(441, '12-01-2022', 0, 1, 17, '2024-09-11 02:11:05', '2024-09-11 02:11:05'),
(442, '01-01-2023', 2.5, 1, 17, '2024-09-11 02:11:05', '2024-09-11 02:11:05'),
(443, '02-01-2023', 2.5, 1, 17, '2024-09-11 02:11:05', '2024-09-11 02:11:05'),
(444, '03-01-2023', 4, 1, 17, '2024-09-11 02:11:05', '2024-09-11 02:11:05'),
(445, '04-01-2023', 2.5, 1, 17, '2024-09-11 02:11:05', '2024-09-11 02:11:05'),
(446, '05-01-2023', 3.8, 1, 17, '2024-09-11 02:11:05', '2024-09-11 02:11:05'),
(447, '06-01-2023', 5, 1, 17, '2024-09-11 02:11:05', '2024-09-11 02:11:05'),
(448, '07-01-2023', 9, 1, 17, '2024-09-11 02:11:05', '2024-09-11 02:11:05'),
(449, '08-01-2023', 7.5, 1, 17, '2024-09-11 02:11:05', '2024-09-11 02:11:05'),
(450, '09-01-2023', 11, 1, 17, '2024-09-11 02:11:05', '2024-09-11 02:11:05'),
(451, '10-01-2023', 14, 1, 17, '2024-09-11 02:11:05', '2024-09-11 02:11:05'),
(452, '11-01-2023', 15, 1, 17, '2024-09-11 02:11:05', '2024-09-11 02:11:05'),
(453, '12-01-2023', 17, 1, 17, '2024-09-11 02:11:05', '2024-09-11 02:11:05'),
(454, '01-01-2024', 15, 1, 17, '2024-09-11 02:11:05', '2024-09-11 02:11:05'),
(455, '02-01-2024', 14, 1, 17, '2024-09-11 02:11:05', '2024-09-11 02:11:05'),
(456, '03-01-2024', 9, 1, 17, '2024-09-11 02:11:05', '2024-09-11 02:11:05'),
(457, '04-01-2024', 15, 1, 17, '2024-09-11 02:11:05', '2024-09-11 02:11:05'),
(458, '05-01-2024', 26, 1, 17, '2024-09-11 02:11:05', '2024-09-11 02:11:05'),
(459, '06-01-2024', 16, 1, 17, '2024-09-11 02:11:05', '2024-09-11 02:11:05'),
(460, '07-01-2024', 18, 1, 17, '2024-09-11 02:11:05', '2024-09-11 02:11:05'),
(461, '08-01-2024', 15, 1, 17, '2024-09-11 02:11:05', '2024-09-11 02:11:05'),
(462, '09-01-2024', 20, 1, 17, '2024-09-11 02:11:05', '2024-09-11 02:11:05'),
(463, '10-01-2024', 18, 1, 17, '2024-09-11 02:11:05', '2024-09-11 02:11:05'),
(464, '11-01-2024', 19, 1, 17, '2024-09-11 02:11:05', '2024-09-11 02:11:05'),
(465, '12-01-2024', 19, 1, 17, '2024-09-11 02:11:05', '2024-09-11 02:11:05'),
(466, '01-01-2025', 24, 1, 17, '2024-09-11 02:11:05', '2024-09-11 02:11:05'),
(467, '02-01-2025', 29, 1, 17, '2024-09-11 02:11:05', '2024-09-11 02:11:05'),
(468, '03-01-2025', 26, 1, 17, '2024-09-11 02:11:05', '2024-09-11 02:11:05'),
(469, '04-01-2025', 39, 1, 17, '2024-09-11 02:11:05', '2024-09-11 02:11:05'),
(470, '05-01-2025', 27, 1, 17, '2024-09-11 02:11:05', '2024-09-11 02:11:05'),
(471, '06-01-2025', 35, 1, 17, '2024-09-11 02:11:05', '2024-09-11 02:11:05'),
(472, '07-01-2025', 32, 1, 17, '2024-09-11 02:11:05', '2024-09-11 02:11:05'),
(473, '08-01-2025', 29, 1, 17, '2024-09-11 02:11:05', '2024-09-11 02:11:05'),
(474, '09-01-2025', 35, 1, 17, '2024-09-11 02:11:05', '2024-09-11 02:11:05'),
(475, '10-01-2025', 36, 1, 17, '2024-09-11 02:11:05', '2024-09-11 02:11:05'),
(476, '11-01-2025', 34, 1, 17, '2024-09-11 02:11:05', '2024-09-11 02:11:05'),
(477, '12-01-2025', 39, 1, 17, '2024-09-11 02:11:05', '2024-09-11 02:11:05'),
(478, '01-01-2026', 36, 1, 17, '2024-09-11 02:11:05', '2024-09-11 02:11:05'),
(479, '02-01-2026', 41, 1, 17, '2024-09-11 02:11:05', '2024-09-11 02:11:05'),
(480, '03-01-2026', 41, 1, 17, '2024-09-11 02:11:05', '2024-09-11 02:11:05'),
(481, '04-01-2026', 48, 1, 17, '2024-09-11 02:11:05', '2024-09-11 02:11:05'),
(482, NULL, 0, 2, 17, '2024-09-11 02:11:05', '2024-09-11 02:11:05'),
(483, NULL, 1, 2, 17, '2024-09-11 02:11:05', '2024-09-11 02:11:05'),
(484, NULL, 2, 2, 17, '2024-09-11 02:11:05', '2024-09-11 02:11:05'),
(485, NULL, 3, 2, 17, '2024-09-11 02:11:05', '2024-09-11 02:11:05'),
(486, NULL, 4, 2, 17, '2024-09-11 02:11:05', '2024-09-11 02:11:05'),
(487, NULL, 5, 2, 17, '2024-09-11 02:11:05', '2024-09-11 02:11:05'),
(488, NULL, 6, 2, 17, '2024-09-11 02:11:05', '2024-09-11 02:11:05'),
(489, NULL, 7, 2, 17, '2024-09-11 02:11:05', '2024-09-11 02:11:05'),
(490, NULL, 8, 2, 17, '2024-09-11 02:11:05', '2024-09-11 02:11:05'),
(491, NULL, 9, 2, 17, '2024-09-11 02:11:05', '2024-09-11 02:11:05'),
(492, NULL, 10, 2, 17, '2024-09-11 02:11:05', '2024-09-11 02:11:05'),
(493, NULL, 11, 2, 17, '2024-09-11 02:11:05', '2024-09-11 02:11:05'),
(494, NULL, 12, 2, 17, '2024-09-11 02:11:05', '2024-09-11 02:11:05'),
(495, NULL, 13, 2, 17, '2024-09-11 02:11:05', '2024-09-11 02:11:05'),
(496, NULL, 14, 2, 17, '2024-09-11 02:11:05', '2024-09-11 02:11:05'),
(497, NULL, 15, 2, 17, '2024-09-11 02:11:05', '2024-09-11 02:11:05'),
(498, NULL, 16, 2, 17, '2024-09-11 02:11:05', '2024-09-11 02:11:05'),
(499, NULL, 17, 2, 17, '2024-09-11 02:11:05', '2024-09-11 02:11:05'),
(500, NULL, 18, 2, 17, '2024-09-11 02:11:05', '2024-09-11 02:11:05'),
(501, NULL, 19, 2, 17, '2024-09-11 02:11:05', '2024-09-11 02:11:05'),
(502, NULL, 20, 2, 17, '2024-09-11 02:11:05', '2024-09-11 02:11:05'),
(503, NULL, 21, 2, 17, '2024-09-11 02:11:05', '2024-09-11 02:11:05'),
(504, NULL, 22, 2, 17, '2024-09-11 02:11:05', '2024-09-11 02:11:05'),
(505, NULL, 23, 2, 17, '2024-09-11 02:11:05', '2024-09-11 02:11:05'),
(506, NULL, 24, 2, 17, '2024-09-11 02:11:05', '2024-09-11 02:11:05'),
(507, NULL, 25, 2, 17, '2024-09-11 02:11:05', '2024-09-11 02:11:05'),
(508, NULL, 26, 2, 17, '2024-09-11 02:11:05', '2024-09-11 02:11:05'),
(509, NULL, 27, 2, 17, '2024-09-11 02:11:05', '2024-09-11 02:11:05'),
(510, NULL, 28, 2, 17, '2024-09-11 02:11:05', '2024-09-11 02:11:05'),
(511, NULL, 29, 2, 17, '2024-09-11 02:11:05', '2024-09-11 02:11:05'),
(512, NULL, 30, 2, 17, '2024-09-11 02:11:05', '2024-09-11 02:11:05'),
(513, NULL, 31, 2, 17, '2024-09-11 02:11:05', '2024-09-11 02:11:05'),
(514, NULL, 32, 2, 17, '2024-09-11 02:11:05', '2024-09-11 02:11:05'),
(515, NULL, 33, 2, 17, '2024-09-11 02:11:05', '2024-09-11 02:11:05'),
(516, NULL, 34, 2, 17, '2024-09-11 02:11:05', '2024-09-11 02:11:05'),
(517, NULL, 35, 2, 17, '2024-09-11 02:11:05', '2024-09-11 02:11:05'),
(518, NULL, 36, 2, 17, '2024-09-11 02:11:05', '2024-09-11 02:11:05'),
(519, NULL, 37, 2, 17, '2024-09-11 02:11:05', '2024-09-11 02:11:05'),
(520, NULL, 38, 2, 17, '2024-09-11 02:11:05', '2024-09-11 02:11:05'),
(521, NULL, 39, 2, 17, '2024-09-11 02:11:05', '2024-09-11 02:11:05'),
(522, NULL, 40, 2, 17, '2024-09-11 02:11:05', '2024-09-11 02:11:05'),
(523, NULL, 0.7, 3, 17, '2024-09-11 02:11:05', '2024-09-11 02:11:05'),
(524, NULL, 3.5, 3, 17, '2024-09-11 02:11:05', '2024-09-11 02:11:05'),
(525, NULL, 4.5, 3, 17, '2024-09-11 02:11:05', '2024-09-11 02:11:05'),
(526, NULL, 3.5, 3, 17, '2024-09-11 02:11:05', '2024-09-11 02:11:05'),
(527, NULL, 4.2, 3, 17, '2024-09-11 02:11:05', '2024-09-11 02:11:05'),
(528, NULL, 4.6, 3, 17, '2024-09-11 02:11:05', '2024-09-11 02:11:05'),
(529, NULL, 6, 3, 17, '2024-09-11 02:11:05', '2024-09-11 02:11:05'),
(530, NULL, 7, 3, 17, '2024-09-11 02:11:05', '2024-09-11 02:11:05'),
(531, NULL, 6, 3, 17, '2024-09-11 02:11:05', '2024-09-11 02:11:05'),
(532, NULL, 6, 3, 17, '2024-09-11 02:11:05', '2024-09-11 02:11:05'),
(533, NULL, 11, 3, 17, '2024-09-11 02:11:05', '2024-09-11 02:11:05'),
(534, NULL, 13, 3, 17, '2024-09-11 02:11:05', '2024-09-11 02:11:05'),
(535, NULL, 14, 3, 17, '2024-09-11 02:11:05', '2024-09-11 02:11:05'),
(536, NULL, 18, 3, 17, '2024-09-11 02:11:05', '2024-09-11 02:11:05'),
(537, NULL, 17, 3, 17, '2024-09-11 02:11:05', '2024-09-11 02:11:05'),
(538, NULL, 15, 3, 17, '2024-09-11 02:11:05', '2024-09-11 02:11:05'),
(539, NULL, 13, 3, 17, '2024-09-11 02:11:05', '2024-09-11 02:11:05'),
(540, NULL, 16, 3, 17, '2024-09-11 02:11:05', '2024-09-11 02:11:05'),
(541, NULL, 20, 3, 17, '2024-09-11 02:11:05', '2024-09-11 02:11:05'),
(542, NULL, 21, 3, 17, '2024-09-11 02:11:05', '2024-09-11 02:11:05'),
(543, NULL, 24, 3, 17, '2024-09-11 02:11:05', '2024-09-11 02:11:05'),
(544, NULL, 22, 3, 17, '2024-09-11 02:11:05', '2024-09-11 02:11:05'),
(545, NULL, 20, 3, 17, '2024-09-11 02:11:05', '2024-09-11 02:11:05'),
(546, NULL, 22, 3, 17, '2024-09-11 02:11:05', '2024-09-11 02:11:05'),
(547, NULL, 25, 3, 17, '2024-09-11 02:11:05', '2024-09-11 02:11:05'),
(548, NULL, 18, 3, 17, '2024-09-11 02:11:05', '2024-09-11 02:11:05'),
(549, NULL, 21, 3, 17, '2024-09-11 02:11:05', '2024-09-11 02:11:05'),
(550, NULL, 23, 3, 17, '2024-09-11 02:11:05', '2024-09-11 02:11:05'),
(551, NULL, 24, 3, 17, '2024-09-11 02:11:05', '2024-09-11 02:11:05'),
(552, NULL, 32, 3, 17, '2024-09-11 02:11:05', '2024-09-11 02:11:05'),
(553, NULL, 28, 3, 17, '2024-09-11 02:11:05', '2024-09-11 02:11:05'),
(554, NULL, 29, 3, 17, '2024-09-11 02:11:05', '2024-09-11 02:11:05'),
(555, NULL, 35, 3, 17, '2024-09-11 02:11:05', '2024-09-11 02:11:05'),
(556, NULL, 37, 3, 17, '2024-09-11 02:11:05', '2024-09-11 02:11:05'),
(557, NULL, 42, 3, 17, '2024-09-11 02:11:05', '2024-09-11 02:11:05'),
(558, NULL, 32, 3, 17, '2024-09-11 02:11:05', '2024-09-11 02:11:05'),
(559, NULL, 32, 3, 17, '2024-09-11 02:11:05', '2024-09-11 02:11:05'),
(560, NULL, 33, 3, 17, '2024-09-11 02:11:05', '2024-09-11 02:11:05'),
(561, NULL, 33, 3, 17, '2024-09-11 02:11:05', '2024-09-11 02:11:05'),
(562, NULL, 37, 3, 17, '2024-09-11 02:11:05', '2024-09-11 02:11:05'),
(563, NULL, 32, 3, 17, '2024-09-11 02:11:05', '2024-09-11 02:11:05'),
(564, '12-01-2022', 800, 1, 18, '2024-09-11 02:11:05', '2024-09-11 02:11:05'),
(565, '01-01-2023', 2600, 1, 18, '2024-09-11 02:11:05', '2024-09-11 02:11:05'),
(566, '02-01-2023', 4000, 1, 18, '2024-09-11 02:11:05', '2024-09-11 02:11:05'),
(567, '03-01-2023', 1200, 1, 18, '2024-09-11 02:11:05', '2024-09-11 02:11:05'),
(568, '04-01-2023', 3200, 1, 18, '2024-09-11 02:11:05', '2024-09-11 02:11:05'),
(569, '05-01-2023', 1700, 1, 18, '2024-09-11 02:11:05', '2024-09-11 02:11:05'),
(570, NULL, 2800, 2, 18, '2024-09-11 02:11:05', '2024-09-11 02:11:05'),
(571, NULL, 1700, 2, 18, '2024-09-11 02:11:05', '2024-09-11 02:11:05'),
(572, NULL, 900, 2, 18, '2024-09-11 02:11:05', '2024-09-11 02:11:05'),
(573, NULL, 2900, 2, 18, '2024-09-11 02:11:05', '2024-09-11 02:11:05'),
(574, NULL, 1950, 2, 18, '2024-09-11 02:11:05', '2024-09-11 02:11:05'),
(575, NULL, 3100, 2, 18, '2024-09-11 02:11:05', '2024-09-11 02:11:05'),
(576, '02-01-2023', 4100, 1, 19, '2024-09-11 02:11:05', '2024-09-11 02:11:05'),
(577, '03-01-2023', 1900, 1, 19, '2024-09-11 02:11:05', '2024-09-11 02:11:05'),
(578, '04-01-2023', 2700, 1, 19, '2024-09-11 02:11:05', '2024-09-11 02:11:05'),
(579, '05-01-2023', 3900, 1, 19, '2024-09-11 02:11:05', '2024-09-11 02:11:05'),
(580, NULL, 2000, 2, 19, '2024-09-11 02:11:06', '2024-09-11 02:11:06'),
(581, NULL, 1000, 2, 19, '2024-09-11 02:11:06', '2024-09-11 02:11:06'),
(582, NULL, 1100, 2, 19, '2024-09-11 02:11:06', '2024-09-11 02:11:06'),
(583, NULL, 2600, 2, 19, '2024-09-11 02:11:06', '2024-09-11 02:11:06'),
(584, '09-01-2023', 1500, 1, 20, '2024-09-11 02:11:06', '2024-09-11 02:11:06'),
(585, '10-01-2023', 2000, 1, 20, '2024-09-11 02:11:06', '2024-09-11 02:11:06'),
(586, '11-01-2023', 1800, 1, 20, '2024-09-11 02:11:06', '2024-09-11 02:11:06'),
(587, '12-01-2023', 1900, 1, 20, '2024-09-11 02:11:06', '2024-09-11 02:11:06'),
(588, '01-01-2024', 1900, 1, 20, '2024-09-11 02:11:06', '2024-09-11 02:11:06'),
(589, '02-01-2024', 2400, 1, 20, '2024-09-11 02:11:06', '2024-09-11 02:11:06'),
(590, '03-01-2024', 2900, 1, 20, '2024-09-11 02:11:06', '2024-09-11 02:11:06'),
(591, '04-01-2024', 2600, 1, 20, '2024-09-11 02:11:06', '2024-09-11 02:11:06'),
(592, '05-01-2024', 3900, 1, 20, '2024-09-11 02:11:06', '2024-09-11 02:11:06'),
(593, '06-01-2024', 2700, 1, 20, '2024-09-11 02:11:06', '2024-09-11 02:11:06'),
(594, '07-01-2024', 3500, 1, 20, '2024-09-11 02:11:06', '2024-09-11 02:11:06'),
(595, '08-01-2024', 3200, 1, 20, '2024-09-11 02:11:06', '2024-09-11 02:11:06'),
(596, '09-01-2024', 2900, 1, 20, '2024-09-11 02:11:06', '2024-09-11 02:11:06'),
(597, '10-01-2024', 3500, 1, 20, '2024-09-11 02:11:06', '2024-09-11 02:11:06'),
(598, '11-01-2024', 3600, 1, 20, '2024-09-11 02:11:06', '2024-09-11 02:11:06'),
(599, '12-01-2024', 3400, 1, 20, '2024-09-11 02:11:06', '2024-09-11 02:11:06'),
(600, '01-01-2025', 3900, 1, 20, '2024-09-11 02:11:06', '2024-09-11 02:11:06'),
(601, '02-01-2025', 3600, 1, 20, '2024-09-11 02:11:06', '2024-09-11 02:11:06'),
(602, '03-01-2025', 4100, 1, 20, '2024-09-11 02:11:06', '2024-09-11 02:11:06'),
(603, '04-01-2025', 4100, 1, 20, '2024-09-11 02:11:06', '2024-09-11 02:11:06'),
(604, NULL, 2000, 2, 20, '2024-09-11 02:11:06', '2024-09-11 02:11:06'),
(605, NULL, 2100, 2, 20, '2024-09-11 02:11:06', '2024-09-11 02:11:06'),
(606, NULL, 2200, 2, 20, '2024-09-11 02:11:06', '2024-09-11 02:11:06'),
(607, NULL, 2300, 2, 20, '2024-09-11 02:11:06', '2024-09-11 02:11:06'),
(608, NULL, 2400, 2, 20, '2024-09-11 02:11:06', '2024-09-11 02:11:06'),
(609, NULL, 2500, 2, 20, '2024-09-11 02:11:06', '2024-09-11 02:11:06'),
(610, NULL, 2600, 2, 20, '2024-09-11 02:11:06', '2024-09-11 02:11:06'),
(611, NULL, 2700, 2, 20, '2024-09-11 02:11:06', '2024-09-11 02:11:06'),
(612, NULL, 2800, 2, 20, '2024-09-11 02:11:06', '2024-09-11 02:11:06'),
(613, NULL, 2900, 2, 20, '2024-09-11 02:11:06', '2024-09-11 02:11:06'),
(614, NULL, 3000, 2, 20, '2024-09-11 02:11:06', '2024-09-11 02:11:06'),
(615, NULL, 3100, 2, 20, '2024-09-11 02:11:06', '2024-09-11 02:11:06'),
(616, NULL, 3200, 2, 20, '2024-09-11 02:11:06', '2024-09-11 02:11:06'),
(617, NULL, 3300, 2, 20, '2024-09-11 02:11:06', '2024-09-11 02:11:06'),
(618, NULL, 3400, 2, 20, '2024-09-11 02:11:06', '2024-09-11 02:11:06'),
(619, NULL, 3500, 2, 20, '2024-09-11 02:11:06', '2024-09-11 02:11:06'),
(620, NULL, 3600, 2, 20, '2024-09-11 02:11:06', '2024-09-11 02:11:06'),
(621, NULL, 3700, 2, 20, '2024-09-11 02:11:06', '2024-09-11 02:11:06'),
(622, NULL, 3800, 2, 20, '2024-09-11 02:11:06', '2024-09-11 02:11:06'),
(623, NULL, 3900, 2, 20, '2024-09-11 02:11:06', '2024-09-11 02:11:06'),
(624, '2010', 0, 1, 21, '2024-09-11 02:11:06', '2024-09-11 02:11:06'),
(625, 'Age 65', 3500000, 1, 21, '2024-09-11 02:11:06', '2024-09-11 02:11:06'),
(626, NULL, 0, 2, 21, '2024-09-11 02:11:06', '2024-09-11 02:11:06'),
(627, NULL, 2000000, 2, 21, '2024-09-11 02:11:06', '2024-09-11 02:11:06'),
(628, 'Cash', 12, NULL, 22, '2024-09-11 02:11:06', '2024-09-11 02:11:06'),
(629, 'Commodities', 13, NULL, 22, '2024-09-11 02:11:06', '2024-09-11 02:11:06'),
(630, 'Bonds', 10, NULL, 22, '2024-09-11 02:11:06', '2024-09-11 02:11:06'),
(631, 'Stock', 65, NULL, 22, '2024-09-11 02:11:06', '2024-09-11 02:11:06'),
(632, '12-01-2022', 732, NULL, 23, '2024-09-11 02:11:06', '2024-09-11 02:11:06'),
(633, '01-01-2023', 610, NULL, 23, '2024-09-11 02:11:06', '2024-09-11 02:11:06'),
(634, '02-01-2023', 610, NULL, 23, '2024-09-11 02:11:06', '2024-09-11 02:11:06'),
(635, '03-01-2023', 504, NULL, 23, '2024-09-11 02:11:06', '2024-09-11 02:11:06'),
(636, '04-01-2023', 504, NULL, 23, '2024-09-11 02:11:06', '2024-09-11 02:11:06'),
(637, '05-01-2023', 504, NULL, 23, '2024-09-11 02:11:06', '2024-09-11 02:11:06'),
(638, '06-01-2023', 349, NULL, 23, '2024-09-11 02:11:06', '2024-09-11 02:11:06'),
(639, '07-01-2023', 349, NULL, 23, '2024-09-11 02:11:06', '2024-09-11 02:11:06'),
(640, '08-01-2023', 504, NULL, 23, '2024-09-11 02:11:06', '2024-09-11 02:11:06'),
(641, '09-01-2023', 342, NULL, 23, '2024-09-11 02:11:06', '2024-09-11 02:11:06'),
(642, '10-01-2023', 504, NULL, 23, '2024-09-11 02:11:06', '2024-09-11 02:11:06'),
(643, '11-01-2023', 610, NULL, 23, '2024-09-11 02:11:06', '2024-09-11 02:11:06'),
(644, '12-01-2023', 391, NULL, 23, '2024-09-11 02:11:06', '2024-09-11 02:11:06'),
(645, '01-01-2024', 192, NULL, 23, '2024-09-11 02:11:06', '2024-09-11 02:11:06'),
(646, '02-01-2024', 154, NULL, 23, '2024-09-11 02:11:06', '2024-09-11 02:11:06'),
(647, '03-01-2024', 273, NULL, 23, '2024-09-11 02:11:06', '2024-09-11 02:11:06'),
(648, '04-01-2024', 191, NULL, 23, '2024-09-11 02:11:06', '2024-09-11 02:11:06'),
(649, '05-01-2024', 191, NULL, 23, '2024-09-11 02:11:06', '2024-09-11 02:11:06'),
(650, '06-01-2024', 126, NULL, 23, '2024-09-11 02:11:06', '2024-09-11 02:11:06'),
(651, '07-01-2024', 263, NULL, 23, '2024-09-11 02:11:06', '2024-09-11 02:11:06'),
(652, '08-01-2024', 349, NULL, 23, '2024-09-11 02:11:06', '2024-09-11 02:11:06'),
(653, '09-01-2024', 252, NULL, 23, '2024-09-11 02:11:06', '2024-09-11 02:11:06'),
(654, '10-01-2024', 323, NULL, 23, '2024-09-11 02:11:06', '2024-09-11 02:11:06'),
(655, '11-01-2024', 322, NULL, 23, '2024-09-11 02:11:06', '2024-09-11 02:11:06'),
(656, '12-01-2024', 270, NULL, 23, '2024-09-11 02:11:06', '2024-09-11 02:11:06'),
(657, '01-01-2025', 232, NULL, 23, '2024-09-11 02:11:06', '2024-09-11 02:11:06'),
(658, '12-01-2022', 222, NULL, 24, '2024-09-11 02:11:06', '2024-09-11 02:11:06'),
(659, '01-01-2023', 222, NULL, 24, '2024-09-11 02:11:06', '2024-09-11 02:11:06'),
(660, '02-01-2023', 226, NULL, 24, '2024-09-11 02:11:06', '2024-09-11 02:11:06'),
(661, '03-01-2023', 271, NULL, 24, '2024-09-11 02:11:06', '2024-09-11 02:11:06'),
(662, '04-01-2023', 365, NULL, 24, '2024-09-11 02:11:06', '2024-09-11 02:11:06'),
(663, '05-01-2023', 365, NULL, 24, '2024-09-11 02:11:06', '2024-09-11 02:11:06'),
(664, '06-01-2023', 238, NULL, 24, '2024-09-11 02:11:06', '2024-09-11 02:11:06'),
(665, '07-01-2023', 324, NULL, 24, '2024-09-11 02:11:06', '2024-09-11 02:11:06'),
(666, '08-01-2023', 288, NULL, 24, '2024-09-11 02:11:06', '2024-09-11 02:11:06'),
(667, '09-01-2023', 206, NULL, 24, '2024-09-11 02:11:06', '2024-09-11 02:11:06'),
(668, '10-01-2023', 324, NULL, 24, '2024-09-11 02:11:06', '2024-09-11 02:11:06'),
(669, '11-01-2023', 324, NULL, 24, '2024-09-11 02:11:06', '2024-09-11 02:11:06'),
(670, '12-01-2023', 500, NULL, 24, '2024-09-11 02:11:06', '2024-09-11 02:11:06'),
(671, '01-01-2024', 409, NULL, 24, '2024-09-11 02:11:06', '2024-09-11 02:11:06'),
(672, '02-01-2024', 409, NULL, 24, '2024-09-11 02:11:06', '2024-09-11 02:11:06'),
(673, '03-01-2024', 273, NULL, 24, '2024-09-11 02:11:06', '2024-09-11 02:11:06');
INSERT INTO `datafeeds` (`id`, `label`, `data`, `dataset_name`, `data_type`, `created_at`, `updated_at`) VALUES
(674, '04-01-2024', 232, NULL, 24, '2024-09-11 02:11:06', '2024-09-11 02:11:06'),
(675, '05-01-2024', 273, NULL, 24, '2024-09-11 02:11:06', '2024-09-11 02:11:06'),
(676, '06-01-2024', 500, NULL, 24, '2024-09-11 02:11:06', '2024-09-11 02:11:06'),
(677, '07-01-2024', 570, NULL, 24, '2024-09-11 02:11:06', '2024-09-11 02:11:06'),
(678, '08-01-2024', 767, NULL, 24, '2024-09-11 02:11:06', '2024-09-11 02:11:06'),
(679, '09-01-2024', 808, NULL, 24, '2024-09-11 02:11:06', '2024-09-11 02:11:06'),
(680, '10-01-2024', 685, NULL, 24, '2024-09-11 02:11:06', '2024-09-11 02:11:06'),
(681, '11-01-2024', 767, NULL, 24, '2024-09-11 02:11:06', '2024-09-11 02:11:06'),
(682, '12-01-2024', 685, NULL, 24, '2024-09-11 02:11:06', '2024-09-11 02:11:06'),
(683, '01-01-2025', 685, NULL, 24, '2024-09-11 02:11:06', '2024-09-11 02:11:06'),
(684, '12-01-2022', 540, NULL, 25, '2024-09-11 02:11:06', '2024-09-11 02:11:06'),
(685, '01-01-2023', 466, NULL, 25, '2024-09-11 02:11:06', '2024-09-11 02:11:06'),
(686, '02-01-2023', 540, NULL, 25, '2024-09-11 02:11:06', '2024-09-11 02:11:06'),
(687, '03-01-2023', 466, NULL, 25, '2024-09-11 02:11:06', '2024-09-11 02:11:06'),
(688, '04-01-2023', 385, NULL, 25, '2024-09-11 02:11:06', '2024-09-11 02:11:06'),
(689, '05-01-2023', 432, NULL, 25, '2024-09-11 02:11:06', '2024-09-11 02:11:06'),
(690, '06-01-2023', 334, NULL, 25, '2024-09-11 02:11:06', '2024-09-11 02:11:06'),
(691, '07-01-2023', 334, NULL, 25, '2024-09-11 02:11:06', '2024-09-11 02:11:06'),
(692, '08-01-2023', 289, NULL, 25, '2024-09-11 02:11:06', '2024-09-11 02:11:06'),
(693, '09-01-2023', 289, NULL, 25, '2024-09-11 02:11:06', '2024-09-11 02:11:06'),
(694, '10-01-2023', 200, NULL, 25, '2024-09-11 02:11:06', '2024-09-11 02:11:06'),
(695, '11-01-2023', 289, NULL, 25, '2024-09-11 02:11:06', '2024-09-11 02:11:06'),
(696, '12-01-2023', 222, NULL, 25, '2024-09-11 02:11:06', '2024-09-11 02:11:06'),
(697, '01-01-2024', 289, NULL, 25, '2024-09-11 02:11:06', '2024-09-11 02:11:06'),
(698, '02-01-2024', 289, NULL, 25, '2024-09-11 02:11:06', '2024-09-11 02:11:06'),
(699, '03-01-2024', 403, NULL, 25, '2024-09-11 02:11:06', '2024-09-11 02:11:06'),
(700, '04-01-2024', 554, NULL, 25, '2024-09-11 02:11:06', '2024-09-11 02:11:06'),
(701, '05-01-2024', 304, NULL, 25, '2024-09-11 02:11:06', '2024-09-11 02:11:06'),
(702, '06-01-2024', 289, NULL, 25, '2024-09-11 02:11:06', '2024-09-11 02:11:06'),
(703, '07-01-2024', 270, NULL, 25, '2024-09-11 02:11:06', '2024-09-11 02:11:06'),
(704, '08-01-2024', 134, NULL, 25, '2024-09-11 02:11:06', '2024-09-11 02:11:06'),
(705, '09-01-2024', 270, NULL, 25, '2024-09-11 02:11:06', '2024-09-11 02:11:06'),
(706, '10-01-2024', 829, NULL, 25, '2024-09-11 02:11:06', '2024-09-11 02:11:06'),
(707, '11-01-2024', 644, NULL, 25, '2024-09-11 02:11:06', '2024-09-11 02:11:06'),
(708, '12-01-2024', 688, NULL, 25, '2024-09-11 02:11:06', '2024-09-11 02:11:06'),
(709, '01-01-2025', 664, NULL, 25, '2024-09-11 02:11:06', '2024-09-11 02:11:06'),
(710, '12-01-2022', 245, NULL, 26, '2024-09-11 02:11:06', '2024-09-11 02:11:06'),
(711, '01-01-2023', 288, NULL, 26, '2024-09-11 02:11:06', '2024-09-11 02:11:06'),
(712, '02-01-2023', 332, NULL, 26, '2024-09-11 02:11:06', '2024-09-11 02:11:06'),
(713, '03-01-2023', 404, NULL, 26, '2024-09-11 02:11:06', '2024-09-11 02:11:06'),
(714, '04-01-2023', 404, NULL, 26, '2024-09-11 02:11:06', '2024-09-11 02:11:06'),
(715, '05-01-2023', 314, NULL, 26, '2024-09-11 02:11:06', '2024-09-11 02:11:06'),
(716, '06-01-2023', 314, NULL, 26, '2024-09-11 02:11:06', '2024-09-11 02:11:06'),
(717, '07-01-2023', 314, NULL, 26, '2024-09-11 02:11:06', '2024-09-11 02:11:06'),
(718, '08-01-2023', 314, NULL, 26, '2024-09-11 02:11:06', '2024-09-11 02:11:06'),
(719, '09-01-2023', 314, NULL, 26, '2024-09-11 02:11:06', '2024-09-11 02:11:06'),
(720, '10-01-2023', 234, NULL, 26, '2024-09-11 02:11:06', '2024-09-11 02:11:06'),
(721, '11-01-2023', 314, NULL, 26, '2024-09-11 02:11:06', '2024-09-11 02:11:06'),
(722, '12-01-2023', 234, NULL, 26, '2024-09-11 02:11:06', '2024-09-11 02:11:06'),
(723, '01-01-2024', 234, NULL, 26, '2024-09-11 02:11:06', '2024-09-11 02:11:06'),
(724, '02-01-2024', 314, NULL, 26, '2024-09-11 02:11:06', '2024-09-11 02:11:06'),
(725, '03-01-2024', 314, NULL, 26, '2024-09-11 02:11:06', '2024-09-11 02:11:06'),
(726, '04-01-2024', 314, NULL, 26, '2024-09-11 02:11:06', '2024-09-11 02:11:06'),
(727, '05-01-2024', 388, NULL, 26, '2024-09-11 02:11:06', '2024-09-11 02:11:06'),
(728, '06-01-2024', 314, NULL, 26, '2024-09-11 02:11:06', '2024-09-11 02:11:06'),
(729, '07-01-2024', 202, NULL, 26, '2024-09-11 02:11:06', '2024-09-11 02:11:06'),
(730, '08-01-2024', 202, NULL, 26, '2024-09-11 02:11:06', '2024-09-11 02:11:06'),
(731, '09-01-2024', 202, NULL, 26, '2024-09-11 02:11:06', '2024-09-11 02:11:06'),
(732, '10-01-2024', 202, NULL, 26, '2024-09-11 02:11:06', '2024-09-11 02:11:06'),
(733, '11-01-2024', 514, NULL, 26, '2024-09-11 02:11:06', '2024-09-11 02:11:06'),
(734, '12-01-2024', 720, NULL, 26, '2024-09-11 02:11:06', '2024-09-11 02:11:06'),
(735, '01-01-2025', 642, NULL, 26, '2024-09-11 02:11:06', '2024-09-11 02:11:06'),
(736, '12-01-2022', 540, 1, 27, '2024-09-11 02:11:06', '2024-09-11 02:11:06'),
(737, '01-01-2023', 466, 1, 27, '2024-09-11 02:11:06', '2024-09-11 02:11:06'),
(738, '02-01-2023', 540, 1, 27, '2024-09-11 02:11:06', '2024-09-11 02:11:06'),
(739, '03-01-2023', 466, 1, 27, '2024-09-11 02:11:06', '2024-09-11 02:11:06'),
(740, '04-01-2023', 385, 1, 27, '2024-09-11 02:11:06', '2024-09-11 02:11:06'),
(741, '05-01-2023', 432, 1, 27, '2024-09-11 02:11:06', '2024-09-11 02:11:06'),
(742, '06-01-2023', 334, 1, 27, '2024-09-11 02:11:06', '2024-09-11 02:11:06'),
(743, '07-01-2023', 334, 1, 27, '2024-09-11 02:11:06', '2024-09-11 02:11:06'),
(744, '08-01-2023', 289, 1, 27, '2024-09-11 02:11:06', '2024-09-11 02:11:06'),
(745, '09-01-2023', 289, 1, 27, '2024-09-11 02:11:06', '2024-09-11 02:11:06'),
(746, '10-01-2023', 200, 1, 27, '2024-09-11 02:11:06', '2024-09-11 02:11:06'),
(747, '11-01-2023', 289, 1, 27, '2024-09-11 02:11:06', '2024-09-11 02:11:06'),
(748, '12-01-2023', 222, 1, 27, '2024-09-11 02:11:06', '2024-09-11 02:11:06'),
(749, '01-01-2024', 289, 1, 27, '2024-09-11 02:11:06', '2024-09-11 02:11:06'),
(750, '02-01-2024', 289, 1, 27, '2024-09-11 02:11:06', '2024-09-11 02:11:06'),
(751, '03-01-2024', 403, 1, 27, '2024-09-11 02:11:06', '2024-09-11 02:11:06'),
(752, '04-01-2024', 554, 1, 27, '2024-09-11 02:11:06', '2024-09-11 02:11:06'),
(753, '05-01-2024', 304, 1, 27, '2024-09-11 02:11:06', '2024-09-11 02:11:06'),
(754, '06-01-2024', 289, 1, 27, '2024-09-11 02:11:06', '2024-09-11 02:11:06'),
(755, '07-01-2024', 270, 1, 27, '2024-09-11 02:11:06', '2024-09-11 02:11:06'),
(756, '08-01-2024', 134, 1, 27, '2024-09-11 02:11:06', '2024-09-11 02:11:06'),
(757, '09-01-2024', 270, 1, 27, '2024-09-11 02:11:06', '2024-09-11 02:11:06'),
(758, '10-01-2024', 829, 1, 27, '2024-09-11 02:11:06', '2024-09-11 02:11:06'),
(759, '11-01-2024', 644, 1, 27, '2024-09-11 02:11:06', '2024-09-11 02:11:06'),
(760, '12-01-2024', 688, 1, 27, '2024-09-11 02:11:06', '2024-09-11 02:11:06'),
(761, '01-01-2025', 690, 1, 27, '2024-09-11 02:11:06', '2024-09-11 02:11:06'),
(762, NULL, 245, 2, 27, '2024-09-11 02:11:06', '2024-09-11 02:11:06'),
(763, NULL, 288, 2, 27, '2024-09-11 02:11:06', '2024-09-11 02:11:06'),
(764, NULL, 332, 2, 27, '2024-09-11 02:11:06', '2024-09-11 02:11:06'),
(765, NULL, 404, 2, 27, '2024-09-11 02:11:06', '2024-09-11 02:11:06'),
(766, NULL, 404, 2, 27, '2024-09-11 02:11:06', '2024-09-11 02:11:06'),
(767, NULL, 314, 2, 27, '2024-09-11 02:11:06', '2024-09-11 02:11:06'),
(768, NULL, 314, 2, 27, '2024-09-11 02:11:06', '2024-09-11 02:11:06'),
(769, NULL, 314, 2, 27, '2024-09-11 02:11:06', '2024-09-11 02:11:06'),
(770, NULL, 314, 2, 27, '2024-09-11 02:11:06', '2024-09-11 02:11:06'),
(771, NULL, 314, 2, 27, '2024-09-11 02:11:06', '2024-09-11 02:11:06'),
(772, NULL, 234, 2, 27, '2024-09-11 02:11:06', '2024-09-11 02:11:06'),
(773, NULL, 314, 2, 27, '2024-09-11 02:11:06', '2024-09-11 02:11:06'),
(774, NULL, 234, 2, 27, '2024-09-11 02:11:06', '2024-09-11 02:11:06'),
(775, NULL, 234, 2, 27, '2024-09-11 02:11:06', '2024-09-11 02:11:06'),
(776, NULL, 314, 2, 27, '2024-09-11 02:11:06', '2024-09-11 02:11:06'),
(777, NULL, 314, 2, 27, '2024-09-11 02:11:06', '2024-09-11 02:11:06'),
(778, NULL, 314, 2, 27, '2024-09-11 02:11:06', '2024-09-11 02:11:06'),
(779, NULL, 388, 2, 27, '2024-09-11 02:11:06', '2024-09-11 02:11:06'),
(780, NULL, 314, 2, 27, '2024-09-11 02:11:06', '2024-09-11 02:11:06'),
(781, NULL, 202, 2, 27, '2024-09-11 02:11:06', '2024-09-11 02:11:06'),
(782, NULL, 202, 2, 27, '2024-09-11 02:11:06', '2024-09-11 02:11:06'),
(783, NULL, 202, 2, 27, '2024-09-11 02:11:06', '2024-09-11 02:11:06'),
(784, NULL, 202, 2, 27, '2024-09-11 02:11:06', '2024-09-11 02:11:06'),
(785, NULL, 514, 2, 27, '2024-09-11 02:11:06', '2024-09-11 02:11:06'),
(786, NULL, 720, 2, 27, '2024-09-11 02:11:06', '2024-09-11 02:11:06'),
(787, NULL, 732, 2, 27, '2024-09-11 02:11:06', '2024-09-11 02:11:06'),
(788, NULL, 732, 3, 27, '2024-09-11 02:11:06', '2024-09-11 02:11:06'),
(789, NULL, 610, 3, 27, '2024-09-11 02:11:06', '2024-09-11 02:11:06'),
(790, NULL, 610, 3, 27, '2024-09-11 02:11:06', '2024-09-11 02:11:06'),
(791, NULL, 504, 3, 27, '2024-09-11 02:11:06', '2024-09-11 02:11:06'),
(792, NULL, 504, 3, 27, '2024-09-11 02:11:06', '2024-09-11 02:11:06'),
(793, NULL, 504, 3, 27, '2024-09-11 02:11:06', '2024-09-11 02:11:06'),
(794, NULL, 349, 3, 27, '2024-09-11 02:11:06', '2024-09-11 02:11:06'),
(795, NULL, 349, 3, 27, '2024-09-11 02:11:06', '2024-09-11 02:11:06'),
(796, NULL, 504, 3, 27, '2024-09-11 02:11:06', '2024-09-11 02:11:06'),
(797, NULL, 342, 3, 27, '2024-09-11 02:11:06', '2024-09-11 02:11:06'),
(798, NULL, 504, 3, 27, '2024-09-11 02:11:06', '2024-09-11 02:11:06'),
(799, NULL, 610, 3, 27, '2024-09-11 02:11:06', '2024-09-11 02:11:06'),
(800, NULL, 391, 3, 27, '2024-09-11 02:11:06', '2024-09-11 02:11:06'),
(801, NULL, 192, 3, 27, '2024-09-11 02:11:06', '2024-09-11 02:11:06'),
(802, NULL, 154, 3, 27, '2024-09-11 02:11:06', '2024-09-11 02:11:06'),
(803, NULL, 273, 3, 27, '2024-09-11 02:11:06', '2024-09-11 02:11:06'),
(804, NULL, 191, 3, 27, '2024-09-11 02:11:06', '2024-09-11 02:11:06'),
(805, NULL, 191, 3, 27, '2024-09-11 02:11:06', '2024-09-11 02:11:06'),
(806, NULL, 126, 3, 27, '2024-09-11 02:11:06', '2024-09-11 02:11:06'),
(807, NULL, 263, 3, 27, '2024-09-11 02:11:06', '2024-09-11 02:11:06'),
(808, NULL, 349, 3, 27, '2024-09-11 02:11:06', '2024-09-11 02:11:06'),
(809, NULL, 252, 3, 27, '2024-09-11 02:11:06', '2024-09-11 02:11:06'),
(810, NULL, 323, 3, 27, '2024-09-11 02:11:06', '2024-09-11 02:11:06'),
(811, NULL, 322, 3, 27, '2024-09-11 02:11:06', '2024-09-11 02:11:06'),
(812, NULL, 270, 3, 27, '2024-09-11 02:11:06', '2024-09-11 02:11:06'),
(813, NULL, 232, 3, 27, '2024-09-11 02:11:06', '2024-09-11 02:11:06'),
(814, NULL, 222, 4, 27, '2024-09-11 02:11:06', '2024-09-11 02:11:06'),
(815, NULL, 222, 4, 27, '2024-09-11 02:11:06', '2024-09-11 02:11:06'),
(816, NULL, 226, 4, 27, '2024-09-11 02:11:06', '2024-09-11 02:11:06'),
(817, NULL, 271, 4, 27, '2024-09-11 02:11:06', '2024-09-11 02:11:06'),
(818, NULL, 365, 4, 27, '2024-09-11 02:11:06', '2024-09-11 02:11:06'),
(819, NULL, 365, 4, 27, '2024-09-11 02:11:06', '2024-09-11 02:11:06'),
(820, NULL, 238, 4, 27, '2024-09-11 02:11:06', '2024-09-11 02:11:06'),
(821, NULL, 324, 4, 27, '2024-09-11 02:11:06', '2024-09-11 02:11:06'),
(822, NULL, 288, 4, 27, '2024-09-11 02:11:06', '2024-09-11 02:11:06'),
(823, NULL, 206, 4, 27, '2024-09-11 02:11:06', '2024-09-11 02:11:06'),
(824, NULL, 324, 4, 27, '2024-09-11 02:11:06', '2024-09-11 02:11:06'),
(825, NULL, 324, 4, 27, '2024-09-11 02:11:06', '2024-09-11 02:11:06'),
(826, NULL, 500, 4, 27, '2024-09-11 02:11:06', '2024-09-11 02:11:06'),
(827, NULL, 409, 4, 27, '2024-09-11 02:11:06', '2024-09-11 02:11:06'),
(828, NULL, 409, 4, 27, '2024-09-11 02:11:06', '2024-09-11 02:11:06'),
(829, NULL, 273, 4, 27, '2024-09-11 02:11:06', '2024-09-11 02:11:06'),
(830, NULL, 232, 4, 27, '2024-09-11 02:11:06', '2024-09-11 02:11:06'),
(831, NULL, 273, 4, 27, '2024-09-11 02:11:06', '2024-09-11 02:11:06'),
(832, NULL, 500, 4, 27, '2024-09-11 02:11:06', '2024-09-11 02:11:06'),
(833, NULL, 570, 4, 27, '2024-09-11 02:11:06', '2024-09-11 02:11:06'),
(834, NULL, 767, 4, 27, '2024-09-11 02:11:06', '2024-09-11 02:11:06'),
(835, NULL, 808, 4, 27, '2024-09-11 02:11:06', '2024-09-11 02:11:06'),
(836, NULL, 685, 4, 27, '2024-09-11 02:11:06', '2024-09-11 02:11:06'),
(837, NULL, 767, 4, 27, '2024-09-11 02:11:06', '2024-09-11 02:11:06'),
(838, NULL, 685, 4, 27, '2024-09-11 02:11:06', '2024-09-11 02:11:06'),
(839, NULL, 688, 4, 27, '2024-09-11 02:11:06', '2024-09-11 02:11:06'),
(840, NULL, 632, 5, 27, '2024-09-11 02:11:06', '2024-09-11 02:11:06'),
(841, NULL, 510, 5, 27, '2024-09-11 02:11:06', '2024-09-11 02:11:06'),
(842, NULL, 610, 5, 27, '2024-09-11 02:11:06', '2024-09-11 02:11:06'),
(843, NULL, 404, 5, 27, '2024-09-11 02:11:06', '2024-09-11 02:11:06'),
(844, NULL, 504, 5, 27, '2024-09-11 02:11:06', '2024-09-11 02:11:06'),
(845, NULL, 404, 5, 27, '2024-09-11 02:11:06', '2024-09-11 02:11:06'),
(846, NULL, 449, 5, 27, '2024-09-11 02:11:06', '2024-09-11 02:11:06'),
(847, NULL, 349, 5, 27, '2024-09-11 02:11:06', '2024-09-11 02:11:06'),
(848, NULL, 404, 5, 27, '2024-09-11 02:11:06', '2024-09-11 02:11:06'),
(849, NULL, 542, 5, 27, '2024-09-11 02:11:06', '2024-09-11 02:11:06'),
(850, NULL, 404, 5, 27, '2024-09-11 02:11:06', '2024-09-11 02:11:06'),
(851, NULL, 410, 5, 27, '2024-09-11 02:11:06', '2024-09-11 02:11:06'),
(852, NULL, 491, 5, 27, '2024-09-11 02:11:06', '2024-09-11 02:11:06'),
(853, NULL, 392, 5, 27, '2024-09-11 02:11:06', '2024-09-11 02:11:06'),
(854, NULL, 254, 5, 27, '2024-09-11 02:11:06', '2024-09-11 02:11:06'),
(855, NULL, 273, 5, 27, '2024-09-11 02:11:06', '2024-09-11 02:11:06'),
(856, NULL, 291, 5, 27, '2024-09-11 02:11:06', '2024-09-11 02:11:06'),
(857, NULL, 191, 5, 27, '2024-09-11 02:11:06', '2024-09-11 02:11:06'),
(858, NULL, 226, 5, 27, '2024-09-11 02:11:06', '2024-09-11 02:11:06'),
(859, NULL, 363, 5, 27, '2024-09-11 02:11:06', '2024-09-11 02:11:06'),
(860, NULL, 449, 5, 27, '2024-09-11 02:11:06', '2024-09-11 02:11:06'),
(861, NULL, 252, 5, 27, '2024-09-11 02:11:06', '2024-09-11 02:11:06'),
(862, NULL, 223, 5, 27, '2024-09-11 02:11:06', '2024-09-11 02:11:06'),
(863, NULL, 222, 5, 27, '2024-09-11 02:11:06', '2024-09-11 02:11:06'),
(864, NULL, 170, 5, 27, '2024-09-11 02:11:06', '2024-09-11 02:11:06'),
(865, NULL, 132, 5, 27, '2024-09-11 02:11:06', '2024-09-11 02:11:06');

-- --------------------------------------------------------

--
-- Table structure for table `failed_jobs`
--

CREATE TABLE `failed_jobs` (
  `id` bigint UNSIGNED NOT NULL,
  `uuid` varchar(255) COLLATE utf8mb4_unicode_ci NOT NULL,
  `connection` text COLLATE utf8mb4_unicode_ci NOT NULL,
  `queue` text COLLATE utf8mb4_unicode_ci NOT NULL,
  `payload` longtext COLLATE utf8mb4_unicode_ci NOT NULL,
  `exception` longtext COLLATE utf8mb4_unicode_ci NOT NULL,
  `failed_at` timestamp NOT NULL DEFAULT CURRENT_TIMESTAMP
) ENGINE=InnoDB DEFAULT CHARSET=utf8mb4 COLLATE=utf8mb4_unicode_ci;

-- --------------------------------------------------------

--
-- Table structure for table `invoices`
--

CREATE TABLE `invoices` (
  `id` bigint UNSIGNED NOT NULL,
  `invoice` varchar(255) COLLATE utf8mb4_unicode_ci NOT NULL,
  `total` varchar(255) COLLATE utf8mb4_unicode_ci NOT NULL,
  `status` varchar(255) COLLATE utf8mb4_unicode_ci NOT NULL,
  `customer` varchar(255) COLLATE utf8mb4_unicode_ci NOT NULL,
  `issued_date` date NOT NULL,
  `paid_date` date DEFAULT NULL,
  `type` varchar(255) COLLATE utf8mb4_unicode_ci NOT NULL,
  `created_at` timestamp NULL DEFAULT NULL,
  `updated_at` timestamp NULL DEFAULT NULL
) ENGINE=InnoDB DEFAULT CHARSET=utf8mb4 COLLATE=utf8mb4_unicode_ci;

--
-- Dumping data for table `invoices`
--

INSERT INTO `invoices` (`id`, `invoice`, `total`, `status`, `customer`, `issued_date`, `paid_date`, `type`, `created_at`, `updated_at`) VALUES
(1, '#123567', '$129.00', 'Overdue', 'Dominik Lamakani', '2024-07-22', NULL, 'Subscription', '2024-09-11 02:11:07', '2024-09-11 02:11:07'),
(2, '#779912', '$59.00', 'Paid', 'Mark Cameron', '2024-07-19', '2024-07-20', 'Subscription', '2024-09-11 02:11:07', '2024-09-11 02:11:07'),
(3, '#889924', '$89.00', 'Paid', 'Sergio Gonnelli', '2024-07-17', '2024-07-19', 'One-time', '2024-09-11 02:11:07', '2024-09-11 02:11:07'),
(4, '#897726', '$129.00', 'Due', 'Manuel Garbaya', '2024-07-04', NULL, 'Subscription', '2024-09-11 02:11:07', '2024-09-11 02:11:07'),
(5, '#123567', '$129.00', 'Due', 'Cool Robot', '2024-07-04', NULL, 'Subscription', '2024-09-11 02:11:07', '2024-09-11 02:11:07'),
(6, '#896644', '$129.00', 'Paid', 'Mark Cameron', '2024-07-04', '2024-07-09', 'One-time', '2024-09-11 02:11:07', '2024-09-11 02:11:07'),
(7, '#136988', '$69.00', 'Paid', 'Glenn Thomas', '2024-07-01', '2024-07-01', 'One-time', '2024-09-11 02:11:07', '2024-09-11 02:11:07'),
(8, '#442206', '$129.00', 'Overdue', 'Dominik Lamakani', '2024-06-22', NULL, 'Subscription', '2024-09-11 02:11:07', '2024-09-11 02:11:07'),
(9, '#764321', '$89.00', 'Paid', 'Brian Halligan', '2024-06-21', '2024-06-29', 'One-time', '2024-09-11 02:11:07', '2024-09-11 02:11:07'),
(10, '#908764', '$129.00', 'Due', 'Carolyn McNeail', '2024-06-17', NULL, 'Subscription', '2024-09-11 02:11:07', '2024-09-11 02:11:07'),
(11, '#897726', '$129.00', 'Due', 'Manuel Garbaya', '2024-07-04', NULL, 'Subscription', '2024-09-11 02:11:07', '2024-09-11 02:11:07'),
(12, '#123567', '$129.00', 'Due', 'Cool Robot', '2024-07-04', NULL, 'Subscription', '2024-09-11 02:11:07', '2024-09-11 02:11:07'),
(13, '#896644', '$129.00', 'Paid', 'Mark Cameron', '2024-07-04', '2024-07-09', 'One-time', '2024-09-11 02:11:07', '2024-09-11 02:11:07'),
(14, '#136988', '$69.00', 'Paid', 'Glenn Thomas', '2024-07-01', '2024-07-01', 'One-time', '2024-09-11 02:11:07', '2024-09-11 02:11:07'),
(15, '#442206', '$129.00', 'Overdue', 'Dominik Lamakani', '2024-06-22', NULL, 'Subscription', '2024-09-11 02:11:07', '2024-09-11 02:11:07');

-- --------------------------------------------------------

--
-- Table structure for table `jobs`
--

CREATE TABLE `jobs` (
  `id` bigint UNSIGNED NOT NULL,
  `image` varchar(2048) COLLATE utf8mb4_unicode_ci DEFAULT NULL,
  `company` varchar(255) COLLATE utf8mb4_unicode_ci NOT NULL,
  `role` varchar(255) COLLATE utf8mb4_unicode_ci NOT NULL,
  `details` varchar(255) COLLATE utf8mb4_unicode_ci NOT NULL,
  `type` varchar(255) COLLATE utf8mb4_unicode_ci DEFAULT NULL,
  `fav` tinyint(1) NOT NULL DEFAULT '0',
  `created_at` timestamp NULL DEFAULT NULL,
  `updated_at` timestamp NULL DEFAULT NULL
) ENGINE=InnoDB DEFAULT CHARSET=utf8mb4 COLLATE=utf8mb4_unicode_ci;

--
-- Dumping data for table `jobs`
--

INSERT INTO `jobs` (`id`, `image`, `company`, `role`, `details`, `type`, `fav`, `created_at`, `updated_at`) VALUES
(1, 'company-icon-05.svg', 'Company 01', 'Senior Web App Designer', 'Contract / Remote / New York, NYC', 'Featured', 0, '2024-09-11 02:11:07', '2024-09-11 02:11:07'),
(2, 'company-icon-05.svg', 'Company 02', 'Senior Full Stack Engineer', 'Contract / Remote / New York, NYC', 'New', 1, '2024-09-11 02:11:07', '2024-09-11 02:11:07'),
(3, 'company-icon-06.svg', 'Company 03', 'Ruby on Rails Engineer', 'Contract / Remote / New York, NYC', 'New', 0, '2024-09-11 02:11:07', '2024-09-11 02:11:07'),
(4, 'company-icon-03.svg', 'Company 04', 'Senior Software Engineer Backend', 'Full-time / Remote / Anywhere', 'New', 0, '2024-09-11 02:11:07', '2024-09-11 02:11:07'),
(5, 'company-icon-07.svg', 'Company 05', 'React.js Software Developer', 'Full-time / Remote / London, UK', 'New', 1, '2024-09-11 02:11:07', '2024-09-11 02:11:07'),
(6, 'company-icon-08.svg', 'Company 06', 'Senior Full Stack Rails Developer', 'Part-time / Remote / Milan, IT', 'New', 0, '2024-09-11 02:11:07', '2024-09-11 02:11:07'),
(7, 'company-icon-01.svg', 'Company 07', 'Principal Software Engineer', 'Freelance / Remote / London, UK', 'New', 0, '2024-09-11 02:11:07', '2024-09-11 02:11:07'),
(8, 'company-icon-07.svg', 'Company 08', 'Contract React Native Engineer', 'Contract / Remote / Miami, FL', 'New', 0, '2024-09-11 02:11:07', '2024-09-11 02:11:07'),
(9, 'company-icon-08.svg', 'Company 09', 'Senior Client Engineer (React & React Native)', 'Full-time / Remote / Lincoln, NE', 'New', 0, '2024-09-11 02:11:07', '2024-09-11 02:11:07'),
(10, 'company-icon-02.svg', 'Company 10', 'QA Automation Engineer', 'Contract / Remote / Anywhere', 'New', 0, '2024-09-11 02:11:07', '2024-09-11 02:11:07'),
(11, 'company-icon-08.svg', 'Company 06', 'Senior Full Stack Rails Developer', 'Part-time / Remote / Milan, IT', 'New', 0, '2024-09-11 02:11:07', '2024-09-11 02:11:07'),
(12, 'company-icon-01.svg', 'Company 07', 'Principal Software Engineer', 'Freelance / Remote / London, UK', 'New', 0, '2024-09-11 02:11:07', '2024-09-11 02:11:07');

-- --------------------------------------------------------

--
-- Table structure for table `marketers`
--

CREATE TABLE `marketers` (
  `id` bigint UNSIGNED NOT NULL,
  `image` varchar(2048) COLLATE utf8mb4_unicode_ci DEFAULT NULL,
  `name` varchar(255) COLLATE utf8mb4_unicode_ci NOT NULL,
  `link` varchar(255) COLLATE utf8mb4_unicode_ci NOT NULL,
  `created_at` timestamp NULL DEFAULT NULL,
  `updated_at` timestamp NULL DEFAULT NULL
) ENGINE=InnoDB DEFAULT CHARSET=utf8mb4 COLLATE=utf8mb4_unicode_ci;

--
-- Dumping data for table `marketers`
--

INSERT INTO `marketers` (`id`, `image`, `name`, `link`, `created_at`, `updated_at`) VALUES
(1, 'user-28-01.jpg', 'User 01', '#0', '2024-09-11 02:11:07', '2024-09-11 02:11:07'),
(2, 'user-28-02.jpg', 'User 02', '#0', '2024-09-11 02:11:07', '2024-09-11 02:11:07'),
(3, 'user-28-03.jpg', 'User 03', '#0', '2024-09-11 02:11:07', '2024-09-11 02:11:07'),
(4, 'user-28-04.jpg', 'User 04', '#0', '2024-09-11 02:11:07', '2024-09-11 02:11:07'),
(5, 'user-28-05.jpg', 'User 05', '#0', '2024-09-11 02:11:07', '2024-09-11 02:11:07'),
(6, 'user-28-06.jpg', 'User 06', '#0', '2024-09-11 02:11:07', '2024-09-11 02:11:07'),
(7, 'user-28-07.jpg', 'User 07', '#0', '2024-09-11 02:11:07', '2024-09-11 02:11:07'),
(8, 'user-28-08.jpg', 'User 08', '#0', '2024-09-11 02:11:07', '2024-09-11 02:11:07'),
(9, 'user-28-09.jpg', 'User 09', '#0', '2024-09-11 02:11:07', '2024-09-11 02:11:07'),
(10, 'user-28-10.jpg', 'User 10', '#0', '2024-09-11 02:11:07', '2024-09-11 02:11:07');

-- --------------------------------------------------------

--
-- Table structure for table `members`
--

CREATE TABLE `members` (
  `id` bigint UNSIGNED NOT NULL,
  `image` varchar(2048) COLLATE utf8mb4_unicode_ci DEFAULT NULL,
  `name` varchar(255) COLLATE utf8mb4_unicode_ci NOT NULL,
  `link` varchar(255) COLLATE utf8mb4_unicode_ci DEFAULT NULL,
  `location` varchar(255) COLLATE utf8mb4_unicode_ci DEFAULT NULL,
  `content` longtext COLLATE utf8mb4_unicode_ci,
  `created_at` timestamp NULL DEFAULT NULL,
  `updated_at` timestamp NULL DEFAULT NULL
) ENGINE=InnoDB DEFAULT CHARSET=utf8mb4 COLLATE=utf8mb4_unicode_ci;

--
-- Dumping data for table `members`
--

INSERT INTO `members` (`id`, `image`, `name`, `link`, `location`, `content`, `created_at`, `updated_at`) VALUES
(1, 'user-64-01.jpg', 'Dominik McNeail', '#0', '🇮🇹', 'Fitness Fanatic, Design Enthusiast, Mentor, Meetup Organizer & PHP Lover.', '2024-09-11 02:11:07', '2024-09-11 02:11:07'),
(2, 'user-64-02.jpg', 'Ivan Mesaros', '#0', '🇫🇷', 'Fitness Fanatic, Design Enthusiast, Mentor, Meetup Organizer & PHP Lover.', '2024-09-11 02:11:07', '2024-09-11 02:11:07'),
(3, 'user-64-03.jpg', 'Tisha Yanchev', '#0', '🇩🇪', 'Fitness Fanatic, Design Enthusiast, Mentor, Meetup Organizer & PHP Lover.', '2024-09-11 02:11:07', '2024-09-11 02:11:07'),
(4, 'user-64-04.jpg', 'Sergio Gonnelli', '#0', '🇮🇹', 'Fitness Fanatic, Design Enthusiast, Mentor, Meetup Organizer & PHP Lover.', '2024-09-11 02:11:07', '2024-09-11 02:11:07'),
(5, 'user-64-05.jpg', 'Jerzy Wierzy', '#0', '🇪🇸', 'Fitness Fanatic, Design Enthusiast, Mentor, Meetup Organizer & PHP Lover.', '2024-09-11 02:11:07', '2024-09-11 02:11:07'),
(6, 'user-64-06.jpg', 'Mirko Grubisic', '#0', '🇩🇪', 'Fitness Fanatic, Design Enthusiast, Mentor, Meetup Organizer & PHP Lover.', '2024-09-11 02:11:07', '2024-09-11 02:11:07'),
(7, 'user-64-07.jpg', 'Alisha Acharya', '#0', '🇬🇧', 'Fitness Fanatic, Design Enthusiast, Mentor, Meetup Organizer & PHP Lover.', '2024-09-11 02:11:07', '2024-09-11 02:11:07'),
(8, 'user-64-08.jpg', 'Brian Halligan', '#0', '🇺🇸', 'Fitness Fanatic, Design Enthusiast, Mentor, Meetup Organizer & PHP Lover.', '2024-09-11 02:11:07', '2024-09-11 02:11:07'),
(9, 'user-64-09.jpg', 'Patricia Semklo', '#0', '🇮🇳', 'Fitness Fanatic, Design Enthusiast, Mentor, Meetup Organizer & PHP Lover.', '2024-09-11 02:11:07', '2024-09-11 02:11:07'),
(10, 'user-64-10.jpg', 'Maria Martinez', '#0', '🇮🇹', 'Fitness Fanatic, Design Enthusiast, Mentor, Meetup Organizer & PHP Lover.', '2024-09-11 02:11:07', '2024-09-11 02:11:07'),
(11, 'user-64-11.jpg', 'Vedad Siljak', '#0', '🇮🇹🇨🇦', 'Fitness Fanatic, Design Enthusiast, Mentor, Meetup Organizer & PHP Lover.', '2024-09-11 02:11:07', '2024-09-11 02:11:07'),
(12, 'user-64-12.jpg', 'Dominik Lamakani', '#0', '🇧🇪', 'Fitness Fanatic, Design Enthusiast, Mentor, Meetup Organizer & PHP Lover.', '2024-09-11 02:11:07', '2024-09-11 02:11:07');

-- --------------------------------------------------------

--
-- Table structure for table `migrations`
--

CREATE TABLE `migrations` (
  `id` int UNSIGNED NOT NULL,
  `migration` varchar(255) COLLATE utf8mb4_unicode_ci NOT NULL,
  `batch` int NOT NULL
) ENGINE=InnoDB DEFAULT CHARSET=utf8mb4 COLLATE=utf8mb4_unicode_ci;

--
-- Dumping data for table `migrations`
--

INSERT INTO `migrations` (`id`, `migration`, `batch`) VALUES
(1, '2014_10_12_000000_create_users_table', 1),
(2, '2014_10_12_100000_create_password_reset_tokens_table', 1),
(3, '2014_10_12_200000_add_two_factor_columns_to_users_table', 1),
(4, '2019_08_19_000000_create_failed_jobs_table', 1),
(5, '2019_12_14_000001_create_personal_access_tokens_table', 1),
(6, '2022_03_23_163443_create_sessions_table', 1),
(7, '2022_05_11_154250_create_datafeeds_table', 1),
(8, '2022_07_04_131100_create_customers_table', 1),
(9, '2022_07_04_151619_create_orders_table', 1),
(10, '2022_07_06_104457_create_invoices_table', 1),
(11, '2022_07_06_132214_create_members_table', 1),
(12, '2022_07_07_125834_create_transactions_table', 1),
(13, '2022_07_07_134715_create_jobs_table', 1),
(14, '2022_07_08_143725_create_campaigns_table', 1),
(15, '2022_07_08_151254_create_marketers_table', 1),
(16, '2022_07_08_153041_create_campaign_marketer_table', 1),
(17, '2024_09_10_113701_create_suppliers_table', 1),
(18, '2024_09_10_113801_create_products_table', 1),
(19, '2024_09_10_113816_create_warehouses_table', 1),
(20, '2024_09_10_113829_create_stock_histories_table', 1),
(21, '2024_09_10_123824_create_notifications_table', 2),
(22, '2024_09_10_123853_add_role_to_users_table', 3);

-- --------------------------------------------------------

--
-- Table structure for table `notifications`
--

CREATE TABLE `notifications` (
  `id` char(36) COLLATE utf8mb4_unicode_ci NOT NULL,
  `type` varchar(255) COLLATE utf8mb4_unicode_ci NOT NULL,
  `notifiable_type` varchar(255) COLLATE utf8mb4_unicode_ci NOT NULL,
  `notifiable_id` bigint UNSIGNED NOT NULL,
  `data` text COLLATE utf8mb4_unicode_ci NOT NULL,
  `read_at` timestamp NULL DEFAULT NULL,
  `created_at` timestamp NULL DEFAULT NULL,
  `updated_at` timestamp NULL DEFAULT NULL
) ENGINE=InnoDB DEFAULT CHARSET=utf8mb4 COLLATE=utf8mb4_unicode_ci;

-- --------------------------------------------------------

--
-- Table structure for table `orders`
--

CREATE TABLE `orders` (
  `id` bigint UNSIGNED NOT NULL,
  `image` varchar(2048) COLLATE utf8mb4_unicode_ci DEFAULT NULL,
  `order` varchar(255) COLLATE utf8mb4_unicode_ci NOT NULL,
  `date` date NOT NULL,
  `customer` varchar(255) COLLATE utf8mb4_unicode_ci NOT NULL,
  `total` varchar(255) COLLATE utf8mb4_unicode_ci NOT NULL,
  `status` varchar(255) COLLATE utf8mb4_unicode_ci NOT NULL,
  `items` int NOT NULL DEFAULT '0',
  `location` varchar(255) COLLATE utf8mb4_unicode_ci NOT NULL,
  `type` varchar(255) COLLATE utf8mb4_unicode_ci NOT NULL,
  `description` longtext COLLATE utf8mb4_unicode_ci NOT NULL,
  `created_at` timestamp NULL DEFAULT NULL,
  `updated_at` timestamp NULL DEFAULT NULL
) ENGINE=InnoDB DEFAULT CHARSET=utf8mb4 COLLATE=utf8mb4_unicode_ci;

--
-- Dumping data for table `orders`
--

INSERT INTO `orders` (`id`, `image`, `order`, `date`, `customer`, `total`, `status`, `items`, `location`, `type`, `description`, `created_at`, `updated_at`) VALUES
(1, 'icon-01.svg', '#123567', '2024-01-22', 'Patricia Semklo', '$129.00', 'Refunded', 1, '🇨🇳 Shanghai, CN', 'Subscription', 'Excepteur sint occaecat cupidatat non proident, sunt in culpa qui officia deserunt mollit anim id est laborum.', '2024-09-11 02:11:06', '2024-09-11 02:11:06'),
(2, 'icon-01.svg', '#779912', '2024-01-22', 'Dominik Lamakani', '$89.00', 'Approved', 2, '🇲🇽 Mexico City, MX', 'Subscription', 'Excepteur sint occaecat cupidatat non proident, sunt in culpa qui officia deserunt mollit anim id est laborum.', '2024-09-11 02:11:07', '2024-09-11 02:11:07'),
(3, 'icon-02.svg', '#889924', '2024-01-22', 'Ivan Mesaros', '$89.00', 'Approved', 2, '🇮🇹 Milan, IT', 'One-time', 'Excepteur sint occaecat cupidatat non proident, sunt in culpa qui officia deserunt mollit anim id est laborum.', '2024-09-11 02:11:07', '2024-09-11 02:11:07'),
(4, 'icon-01.svg', '#897726', '2024-01-22', 'Maria Martinez', '$59.00', 'Pending', 1, '🇮🇹 Bologna, IT', 'One-time', 'Excepteur sint occaecat cupidatat non proident, sunt in culpa qui officia deserunt mollit anim id est laborum.', '2024-09-11 02:11:07', '2024-09-11 02:11:07'),
(5, 'icon-03.svg', '#123567', '2024-01-22', 'Vicky Jung', '$39.00', 'Refunded', 1, '🇬🇧 London, UK', 'Subscription', 'Excepteur sint occaecat cupidatat non proident, sunt in culpa qui officia deserunt mollit anim id est laborum.', '2024-09-11 02:11:07', '2024-09-11 02:11:07'),
(6, 'icon-01.svg', '#896644', '2024-01-21', 'Tisho Yanchev', '$59.00', 'Approved', 1, '🇫🇷 Paris, FR', 'One-time', 'Excepteur sint occaecat cupidatat non proident, sunt in culpa qui officia deserunt mollit anim id est laborum.', '2024-09-11 02:11:07', '2024-09-11 02:11:07'),
(7, 'icon-03.svg', '#136988', '2024-01-21', 'James Cameron', '$89.00', 'Approved', 1, '🇫🇷 Marseille, FR', 'Subscription', 'Excepteur sint occaecat cupidatat non proident, sunt in culpa qui officia deserunt mollit anim id est laborum.', '2024-09-11 02:11:07', '2024-09-11 02:11:07'),
(8, 'icon-03.svg', '#442206', '2024-01-21', 'Haruki Masuno', '$129.00', 'Approved', 2, '🇺🇸 New York, USA', 'Subscription', 'Excepteur sint occaecat cupidatat non proident, sunt in culpa qui officia deserunt mollit anim id est laborum.', '2024-09-11 02:11:07', '2024-09-11 02:11:07'),
(9, 'icon-02.svg', '#764321', '2024-01-21', 'Joe Huang', '$89.00', 'Pending', 2, '🇨🇳 Shanghai, CN', 'One-time', 'Excepteur sint occaecat cupidatat non proident, sunt in culpa qui officia deserunt mollit anim id est laborum.', '2024-09-11 02:11:07', '2024-09-11 02:11:07'),
(10, 'icon-01.svg', '#908764', '2024-01-21', 'Carolyn McNeail', '$59.00', 'Refunded', 1, '🇬🇧 Sheffield, UK', 'Subscription', 'Excepteur sint occaecat cupidatat non proident, sunt in culpa qui officia deserunt mollit anim id est laborum.', '2024-09-11 02:11:07', '2024-09-11 02:11:07'),
(11, 'icon-03.svg', '#123567', '2024-01-22', 'Vicky Jung', '$39.00', 'Refunded', 1, '🇬🇧 London, UK', 'Subscription', 'Excepteur sint occaecat cupidatat non proident, sunt in culpa qui officia deserunt mollit anim id est laborum.', '2024-09-11 02:11:07', '2024-09-11 02:11:07'),
(12, 'icon-01.svg', '#896644', '2024-01-21', 'Tisho Yanchev', '$59.00', 'Approved', 1, '🇫🇷 Paris, FR', 'One-time', 'Excepteur sint occaecat cupidatat non proident, sunt in culpa qui officia deserunt mollit anim id est laborum.', '2024-09-11 02:11:07', '2024-09-11 02:11:07'),
(13, 'icon-02.svg', '#764321', '2024-01-21', 'Joe Huang', '$89.00', 'Pending', 2, '🇨🇳 Shanghai, CN', 'One-time', 'Excepteur sint occaecat cupidatat non proident, sunt in culpa qui officia deserunt mollit anim id est laborum.', '2024-09-11 02:11:07', '2024-09-11 02:11:07');

-- --------------------------------------------------------

--
-- Table structure for table `password_reset_tokens`
--

CREATE TABLE `password_reset_tokens` (
  `email` varchar(255) COLLATE utf8mb4_unicode_ci NOT NULL,
  `token` varchar(255) COLLATE utf8mb4_unicode_ci NOT NULL,
  `created_at` timestamp NULL DEFAULT NULL
) ENGINE=InnoDB DEFAULT CHARSET=utf8mb4 COLLATE=utf8mb4_unicode_ci;

-- --------------------------------------------------------

--
-- Table structure for table `personal_access_tokens`
--

CREATE TABLE `personal_access_tokens` (
  `id` bigint UNSIGNED NOT NULL,
  `tokenable_type` varchar(255) COLLATE utf8mb4_unicode_ci NOT NULL,
  `tokenable_id` bigint UNSIGNED NOT NULL,
  `name` varchar(255) COLLATE utf8mb4_unicode_ci NOT NULL,
  `token` varchar(64) COLLATE utf8mb4_unicode_ci NOT NULL,
  `abilities` text COLLATE utf8mb4_unicode_ci,
  `last_used_at` timestamp NULL DEFAULT NULL,
  `expires_at` timestamp NULL DEFAULT NULL,
  `created_at` timestamp NULL DEFAULT NULL,
  `updated_at` timestamp NULL DEFAULT NULL
) ENGINE=InnoDB DEFAULT CHARSET=utf8mb4 COLLATE=utf8mb4_unicode_ci;

--
-- Dumping data for table `personal_access_tokens`
--

INSERT INTO `personal_access_tokens` (`id`, `tokenable_type`, `tokenable_id`, `name`, `token`, `abilities`, `last_used_at`, `expires_at`, `created_at`, `updated_at`) VALUES
(1, 'App\\Models\\User', 20, 'auth_token', 'ff20db8408a6712af2b002a1fa0d5593e0006b1f8777aed8e6d578072f29dee6', '[\"*\"]', NULL, NULL, '2024-09-10 08:12:30', '2024-09-10 08:12:30'),
(2, 'App\\Models\\User', 21, 'auth_token', '683fe8bff09feb2e1543c35e0495eb949fcb758f9c96fca8b11780459d9f25db', '[\"*\"]', NULL, NULL, '2024-09-10 08:13:39', '2024-09-10 08:13:39'),
(3, 'App\\Models\\User', 21, 'auth_token', '57a959e2cb1e2e950babe48e2e9ec3cdfb91ee67fa3e48792fa94cb8c8b38a52', '[\"*\"]', NULL, NULL, '2024-09-10 08:15:00', '2024-09-10 08:15:00'),
(4, 'App\\Models\\User', 21, 'auth_token', '3cbbaae51207c6c57ff98f1d2252a45e52544d3b304c914ba7a5cfa286406f42', '[\"*\"]', NULL, NULL, '2024-09-10 08:15:15', '2024-09-10 08:15:15'),
(5, 'App\\Models\\User', 21, 'auth_token', '80dd9bafd6a2e5f281ecbe4517ac895f0149870ad0f7b0177d61ebe1b26f6ece', '[\"*\"]', '2024-09-11 01:41:30', NULL, '2024-09-10 08:15:35', '2024-09-11 01:41:30'),
(6, 'App\\Models\\User', 21, 'auth_token', 'a7c79bd6e238c6a226470296a1168302fa2ba59a2e5aa1db85c7075e40679bae', '[\"*\"]', NULL, NULL, '2024-09-10 08:21:02', '2024-09-10 08:21:02'),
(7, 'App\\Models\\User', 21, 'auth_token', '237742637461c504f561070b0dab6228f66f2ef89bbc00ba9e8f18b3599f1591', '[\"*\"]', '2024-09-11 00:56:19', NULL, '2024-09-11 00:56:06', '2024-09-11 00:56:19'),
(8, 'App\\Models\\User', 21, 'auth_token', '3784f78ce1311cf9a01f0e5431a3b91bec915fab9092d7cafac7e3b62afbe072', '[\"*\"]', '2024-09-11 15:11:02', NULL, '2024-09-11 01:20:39', '2024-09-11 15:11:02'),
(9, 'App\\Models\\User', 22, 'auth_token', 'a989afad149c5464a48c04213d69657e1f71ee9acecdf51c6bb81e5e67e23a00', '[\"*\"]', NULL, NULL, '2024-09-11 01:21:28', '2024-09-11 01:21:28'),
(10, 'App\\Models\\User', 23, 'auth_token', '0d141b7fa7b2aca2a10c7dd5597d09baf67dd7cd1e198a7c15c6b44073661226', '[\"*\"]', NULL, NULL, '2024-09-11 07:30:52', '2024-09-11 07:30:52'),
(11, 'App\\Models\\User', 24, 'auth_token', '5eb90dc35ad727b2162c8b7ab66b6964a0bdaf1968dbfbe9efd8cc31e2b9bcbf', '[\"*\"]', NULL, NULL, '2024-09-11 07:31:51', '2024-09-11 07:31:51'),
(12, 'App\\Models\\User', 25, 'auth_token', '9bf36dff02448e70fca6c4f76cffb39a6e29604db06665dfa33eb6993859c0b1', '[\"*\"]', NULL, NULL, '2024-09-11 07:35:39', '2024-09-11 07:35:39'),
(13, 'App\\Models\\User', 26, 'auth_token', '941e504cba8c1d5c3c61bb12f98f8d87011d33fa357c25f8f74577855f48b911', '[\"*\"]', NULL, NULL, '2024-09-11 07:37:10', '2024-09-11 07:37:10'),
(14, 'App\\Models\\User', 27, 'auth_token', '32eeee4c918bfaba5d66849ab5fbc4ae8ba70481d2f003668f13883319179f2c', '[\"*\"]', NULL, NULL, '2024-09-11 12:09:38', '2024-09-11 12:09:38'),
(15, 'App\\Models\\User', 28, 'auth_token', '480fdb9aa426120cdacf93fcf222876c7501c1045f2f4620c513d4f35b7a2691', '[\"*\"]', NULL, NULL, '2024-09-11 12:10:13', '2024-09-11 12:10:13'),
(16, 'App\\Models\\User', 29, 'auth_token', '9ca81ce364b90220a7a80a4a7d93125fa1aef5d716164670a8c73e8620e85480', '[\"*\"]', NULL, NULL, '2024-09-11 12:11:37', '2024-09-11 12:11:37'),
(17, 'App\\Models\\User', 30, 'auth_token', '8d0f8e502e84e0c8bcfcc01df2f575438163df7535b973e6a92f335bad51edb0', '[\"*\"]', NULL, NULL, '2024-09-11 12:13:34', '2024-09-11 12:13:34'),
(18, 'App\\Models\\User', 31, 'auth_token', '1508d03dbc4bead32b9c765d91875db3c1710c03f915ab945051037cf36cb308', '[\"*\"]', NULL, NULL, '2024-09-11 12:14:35', '2024-09-11 12:14:35'),
(19, 'App\\Models\\User', 21, 'API Token', '242d426e2c807a3cfd83473c8455f108ff0055dc4905d1c0e67c730f945143e6', '[\"*\"]', NULL, NULL, '2024-09-11 14:19:50', '2024-09-11 14:19:50'),
(20, 'App\\Models\\User', 21, 'API Token', '1353d6ab700f9f3e3d7a099003dab2726ad6f12a45ebd87c19816641fbc229df', '[\"*\"]', NULL, NULL, '2024-09-11 14:19:57', '2024-09-11 14:19:57'),
(21, 'App\\Models\\User', 21, 'API Token', '8e170ac88cb7aa12e864c93d920ca02620e918c40ab9f155caa5b4799978dd3d', '[\"*\"]', NULL, NULL, '2024-09-11 14:20:16', '2024-09-11 14:20:16'),
(22, 'App\\Models\\User', 21, 'API Token', '2c44a4f129d3c60b671ceb787ec3b65952859eeb25962fb187857608ede25ced', '[\"*\"]', NULL, NULL, '2024-09-11 14:20:28', '2024-09-11 14:20:28'),
(23, 'App\\Models\\User', 21, 'API Token', '3a40c0d61a2dbd87e1357e40af38ac579b4e6e77053afe70c70a65f3a3f1a7ce', '[\"*\"]', NULL, NULL, '2024-09-11 14:20:34', '2024-09-11 14:20:34'),
(24, 'App\\Models\\User', 21, 'API Token', 'aa4bff6375193884f0316c196862cb6055691d37286d0781018d66745121054b', '[\"*\"]', NULL, NULL, '2024-09-11 14:20:36', '2024-09-11 14:20:36'),
(25, 'App\\Models\\User', 21, 'API Token', 'e545f81c8059840023deeee3b4ec87afc52415551c5594d293c110c4584c0ef6', '[\"*\"]', NULL, NULL, '2024-09-11 14:20:45', '2024-09-11 14:20:45'),
(26, 'App\\Models\\User', 21, 'API Token', 'bc01e0267680711ef18048d10a31cf8567708a265eab7baf3c5e86dfb2507cb6', '[\"*\"]', NULL, NULL, '2024-09-11 14:21:08', '2024-09-11 14:21:08'),
(27, 'App\\Models\\User', 21, 'API Token', '3ed139c00e04f046b6be64445469b449e043a92f792dbdff216f1be6c5a142ba', '[\"*\"]', NULL, NULL, '2024-09-11 14:21:17', '2024-09-11 14:21:17'),
(28, 'App\\Models\\User', 21, 'API Token', 'f8b452f80d63f9f6b88578e88fb89eff362b4c4948e57469b3e43372f6b4d1e1', '[\"*\"]', NULL, NULL, '2024-09-11 14:21:54', '2024-09-11 14:21:54'),
(29, 'App\\Models\\User', 21, 'API Token', '9eaa4217423f1ccf18e6d84468652d2c389b5ad2a3b60a3ab1ec22b32207c1a7', '[\"*\"]', NULL, NULL, '2024-09-11 14:22:09', '2024-09-11 14:22:09'),
(30, 'App\\Models\\User', 21, 'API Token', 'd5a7f663baaa94f050fb235d06122df1288e36406fec91a44d32d209ba0271f1', '[\"*\"]', NULL, NULL, '2024-09-11 14:22:50', '2024-09-11 14:22:50'),
(31, 'App\\Models\\User', 21, 'API Token', '5ddbedb25289e91fa3e96234d2199cfb5c2bf4d519b5ecd613657c7778d50b65', '[\"*\"]', NULL, NULL, '2024-09-11 14:23:50', '2024-09-11 14:23:50'),
(32, 'App\\Models\\User', 21, 'API Token', '36963ee0688ee349afe8ac6ddfa041df237baf74d600624db6438a0564d92e7b', '[\"*\"]', NULL, NULL, '2024-09-11 14:24:08', '2024-09-11 14:24:08'),
(33, 'App\\Models\\User', 21, 'API Token', '926b32144dae9ff58cb4d6a0d576e8043693e6c772fd5ffafdd000a4274f14ac', '[\"*\"]', NULL, NULL, '2024-09-11 14:24:10', '2024-09-11 14:24:10'),
(34, 'App\\Models\\User', 21, 'API Token', '2f49b367dabea26dab86c7430cf9bc530718775f3165d17434e6df7e7515c828', '[\"*\"]', NULL, NULL, '2024-09-11 14:24:13', '2024-09-11 14:24:13'),
(35, 'App\\Models\\User', 21, 'API Token', 'edcdb8ae7eccaf6f311070f3b287810a9706008e858f1f87809abb2e98521858', '[\"*\"]', NULL, NULL, '2024-09-11 14:24:27', '2024-09-11 14:24:27'),
(36, 'App\\Models\\User', 21, 'API Token', 'ddc0048fefa4498cbbe57399370920d7d0a1808167dbc51f5b297f1e8bc371ae', '[\"*\"]', NULL, NULL, '2024-09-11 14:24:48', '2024-09-11 14:24:48'),
(37, 'App\\Models\\User', 21, 'API Token', 'ffca35d38e226a39027cf930c123aa5835e2028b24f92f36ec1d73613a6abe73', '[\"*\"]', NULL, NULL, '2024-09-11 14:24:50', '2024-09-11 14:24:50'),
(38, 'App\\Models\\User', 21, 'API Token', '6ad697c19dd676f499ba848d3bd047f1d14c49f5d6e2c4f7285bf677119e34d9', '[\"*\"]', NULL, NULL, '2024-09-11 14:25:24', '2024-09-11 14:25:24'),
(39, 'App\\Models\\User', 21, 'API Token', '5bfa9b5b96bde2f8cefce9a3acc9e0bc4bfecdb114277441940c1c829ccc3467', '[\"*\"]', NULL, NULL, '2024-09-11 14:25:28', '2024-09-11 14:25:28'),
(40, 'App\\Models\\User', 21, 'API Token', 'c4d272f27ef753a482d903e55c17a93a35d1e8be33a9b1675248e4879a373f8f', '[\"*\"]', NULL, NULL, '2024-09-11 14:25:38', '2024-09-11 14:25:38'),
(41, 'App\\Models\\User', 21, 'API Token', 'b0d1ba7067c4f7fddea1f9e13b568205a1d8237c160d2ed778833e8618b31c57', '[\"*\"]', NULL, NULL, '2024-09-11 14:25:43', '2024-09-11 14:25:43'),
(42, 'App\\Models\\User', 21, 'API Token', '2bad983c36bfe3c18f7255fda77f9d7b8f6753d325989cc96dc2683dca050a16', '[\"*\"]', NULL, NULL, '2024-09-11 14:25:46', '2024-09-11 14:25:46'),
(43, 'App\\Models\\User', 21, 'API Token', '40e2304f6c2632a5855d1a93f6175fed5e110a12bdff3c22232537861ec4f821', '[\"*\"]', NULL, NULL, '2024-09-11 14:25:52', '2024-09-11 14:25:52'),
(44, 'App\\Models\\User', 21, 'API Token', '34be81d03d57a541c4eb30c4e37125779a2b9c28e1a77debe0c697c2b275de89', '[\"*\"]', NULL, NULL, '2024-09-11 14:25:53', '2024-09-11 14:25:53'),
(45, 'App\\Models\\User', 21, 'API Token', '7ea1164eb60375433560dbe2b18492a1e5a7691f2a6304a25c0e7d4761c5453f', '[\"*\"]', NULL, NULL, '2024-09-11 14:25:54', '2024-09-11 14:25:54'),
(46, 'App\\Models\\User', 21, 'API Token', '5711bfc2f91c63d4624b1ac6bb377976e4404539c311d47b439f9f82b27545c3', '[\"*\"]', NULL, NULL, '2024-09-11 14:25:57', '2024-09-11 14:25:57'),
(47, 'App\\Models\\User', 21, 'API Token', '2175e69dc56a473149f610b4f77c6c5eb21413cbd7e4e9b87c29d6a731f55ad3', '[\"*\"]', NULL, NULL, '2024-09-11 14:26:02', '2024-09-11 14:26:02'),
(48, 'App\\Models\\User', 21, 'API Token', '255cb98166e11eaba26d8449e57c7c23615cb1155afc93b374171fed1b5b036e', '[\"*\"]', NULL, NULL, '2024-09-11 14:26:04', '2024-09-11 14:26:04'),
(49, 'App\\Models\\User', 21, 'API Token', '156ed1239c2e1c1e4a877e2453814109bdd1303a1be232a0cc3f92129da537ad', '[\"*\"]', NULL, NULL, '2024-09-11 14:26:09', '2024-09-11 14:26:09'),
(50, 'App\\Models\\User', 21, 'API Token', '14d6a6e94bd5702526e083d22f50ef2e5d5652669652bcdb24bafd923d009f1a', '[\"*\"]', NULL, NULL, '2024-09-11 14:27:55', '2024-09-11 14:27:55'),
(51, 'App\\Models\\User', 21, 'API Token', '65222f462da54f97a7205784607dabe0859e4003b6d134a308a0a88f8881ab66', '[\"*\"]', NULL, NULL, '2024-09-11 15:21:23', '2024-09-11 15:21:23'),
(52, 'App\\Models\\User', 21, 'API Token', '516f587c31e2d9c0f99c5a18a09f3b2de9d281989ecc96e715f35673002bc35c', '[\"*\"]', NULL, NULL, '2024-09-11 15:21:26', '2024-09-11 15:21:26'),
(53, 'App\\Models\\User', 21, 'API Token', '260e8db6075c50e725b098b2d8b14c36d39227df6aef6551229afd2785bfe181', '[\"*\"]', NULL, NULL, '2024-09-11 15:22:23', '2024-09-11 15:22:23'),
(54, 'App\\Models\\User', 21, 'API Token', 'b27c957d79472eb59e00bf83e6fc57d162ef3ae410f624fbc8c2e5723f406c8e', '[\"*\"]', NULL, NULL, '2024-09-11 15:22:25', '2024-09-11 15:22:25'),
(55, 'App\\Models\\User', 21, 'API Token', '4d001775c1d0796f37cd206bd66b6ce23af2709a8355779e8b249b278bc94e9d', '[\"*\"]', NULL, NULL, '2024-09-11 15:22:50', '2024-09-11 15:22:50'),
(56, 'App\\Models\\User', 21, 'API Token', 'ede5c1133e39f954143d776fdb6725aa949e0e834ada8dc983690cfbbf872fd4', '[\"*\"]', NULL, NULL, '2024-09-11 15:23:01', '2024-09-11 15:23:01'),
(57, 'App\\Models\\User', 21, 'API Token', '249681b02de3c80f739c4a5fedc693928d896c7e5a0f6874f6da7e889d1b1d79', '[\"*\"]', NULL, NULL, '2024-09-11 15:23:03', '2024-09-11 15:23:03'),
(58, 'App\\Models\\User', 21, 'API Token', '023054c76e3e204d41eb82349613533738473a00e5372bf2c00d646667869752', '[\"*\"]', NULL, NULL, '2024-09-11 15:23:24', '2024-09-11 15:23:24'),
(59, 'App\\Models\\User', 21, 'API Token', '174a91b9a61e2735e7155a0b2967d15c1cfef2bcc828aa59456d59cc3348ee3c', '[\"*\"]', NULL, NULL, '2024-09-11 15:23:27', '2024-09-11 15:23:27'),
(60, 'App\\Models\\User', 21, 'API Token', '5ae5ec081f398b202ab4a695d82d6a5251f63bc418f27d46ef02b6783a016cb8', '[\"*\"]', NULL, NULL, '2024-09-11 15:23:55', '2024-09-11 15:23:55'),
(61, 'App\\Models\\User', 21, 'API Token', '3d824e833637fda949559157d3163945613f05c157809e78f2809d7bac1ce49c', '[\"*\"]', NULL, NULL, '2024-09-11 15:24:06', '2024-09-11 15:24:06'),
(62, 'App\\Models\\User', 21, 'API Token', 'd835c90a2bf45a8dea0115c1360dba5a295d56ee929905a374b7256dd16fb234', '[\"*\"]', NULL, NULL, '2024-09-11 15:24:10', '2024-09-11 15:24:10'),
(63, 'App\\Models\\User', 21, 'API Token', 'e784dcd5cecd4f347711f45aa50560ac5df42b23e408e82759d5481f133361da', '[\"*\"]', NULL, NULL, '2024-09-11 15:24:22', '2024-09-11 15:24:22'),
(64, 'App\\Models\\User', 21, 'API Token', 'cf5465df6e6ef867bb5eeb92437ff29b2b7101ec28e9eb4f866605128b826611', '[\"*\"]', NULL, NULL, '2024-09-11 15:24:25', '2024-09-11 15:24:25'),
(65, 'App\\Models\\User', 21, 'API Token', '8fbad51e62e3077b714f6df4ac3ae5b3790b7e6f485b6d363ed54b0122422b7e', '[\"*\"]', NULL, NULL, '2024-09-11 15:24:34', '2024-09-11 15:24:34'),
(66, 'App\\Models\\User', 21, 'API Token', '7f59f245f455a9570eeb7b53f7fa1a9464a720a9665a1517faee03ca2c59767d', '[\"*\"]', NULL, NULL, '2024-09-11 15:33:03', '2024-09-11 15:33:03'),
(67, 'App\\Models\\User', 21, 'API Token', '86614b62c1391169a5339f62cd0a7d27e222b2b0d0c05c7c6fdb3726a96049f6', '[\"*\"]', NULL, NULL, '2024-09-11 15:33:12', '2024-09-11 15:33:12'),
(68, 'App\\Models\\User', 21, 'API Token', '528ba116f02b54f24b927625a843c35adfdc59943faab7520d0f9908dc2c4a91', '[\"*\"]', NULL, NULL, '2024-09-11 15:33:13', '2024-09-11 15:33:13'),
(69, 'App\\Models\\User', 21, 'API Token', '46b55e93f697530b580fc76788d97f5e3536eb0f5d88415bd8f5702c37489038', '[\"*\"]', NULL, NULL, '2024-09-11 15:33:27', '2024-09-11 15:33:27'),
(70, 'App\\Models\\User', 21, 'API Token', '2b05258fc793066df648015e555715d3debab1dbc6d7ab5d672e766cf4f07bb4', '[\"*\"]', NULL, NULL, '2024-09-11 15:33:34', '2024-09-11 15:33:34'),
(71, 'App\\Models\\User', 21, 'API Token', 'b757e916dc9000ae0a35c5bfd4f7038c6b79424b665a921d7c6782c893a7e181', '[\"*\"]', NULL, NULL, '2024-09-11 15:33:39', '2024-09-11 15:33:39'),
(72, 'App\\Models\\User', 21, 'API Token', '22f02d6945d353d769abf67c9b705a306fa89bbc7bce6f4f2c6772b4e3fb472e', '[\"*\"]', NULL, NULL, '2024-09-11 15:33:42', '2024-09-11 15:33:42'),
(73, 'App\\Models\\User', 21, 'API Token', '6c0af86c899f1a8bcd03c801f02126cc61f1292267e24532f23e1802afe4be9b', '[\"*\"]', NULL, NULL, '2024-09-11 15:33:44', '2024-09-11 15:33:44'),
(74, 'App\\Models\\User', 21, 'API Token', '981497a5f411b2af3a4d0fa830e931a0f6221c4b3d1effc8d91ae79ffbfe3261', '[\"*\"]', NULL, NULL, '2024-09-11 15:33:49', '2024-09-11 15:33:49'),
(75, 'App\\Models\\User', 21, 'API Token', 'c5b3c70a6be84b1aa2cf514e10c7bed060752d6094ec0e61de5fc9e0f6cfd001', '[\"*\"]', NULL, NULL, '2024-09-11 15:33:55', '2024-09-11 15:33:55'),
(76, 'App\\Models\\User', 21, 'API Token', '6a4729527d4dd53bb524e8217e18825959622bb0b6bb53be2556f7bd7568ee81', '[\"*\"]', NULL, NULL, '2024-09-11 15:34:01', '2024-09-11 15:34:01'),
(77, 'App\\Models\\User', 21, 'API Token', '4a9bfaab2af753883bf3108892227fba205feca7988c0ed2ff34230bcf67d37e', '[\"*\"]', NULL, NULL, '2024-09-11 15:34:09', '2024-09-11 15:34:09'),
(78, 'App\\Models\\User', 21, 'API Token', '01c790076551a347186e4e13cfdc95e82f1675cbab96eb0b65203b8c0cd8a51d', '[\"*\"]', NULL, NULL, '2024-09-11 15:34:16', '2024-09-11 15:34:16'),
(79, 'App\\Models\\User', 21, 'API Token', '9c9fa59740bd785aefea60a46172bce40e3fff5c92ffad521cc052f11188f132', '[\"*\"]', NULL, NULL, '2024-09-11 15:34:21', '2024-09-11 15:34:21'),
(80, 'App\\Models\\User', 21, 'API Token', '61d68dd48129b4fecc1c71df24ef3117fe94caf176265064b880ebefaf2219f6', '[\"*\"]', NULL, NULL, '2024-09-11 15:37:52', '2024-09-11 15:37:52'),
(81, 'App\\Models\\User', 21, 'API Token', '501270f3b502c998cc18c4f698cd7b13ad66359cbbc17b2de07c6b3e66b43c75', '[\"*\"]', NULL, NULL, '2024-09-11 15:37:55', '2024-09-11 15:37:55'),
(82, 'App\\Models\\User', 21, 'API Token', '49e9ebf9b3350657db78c4ac19d6483b074bbae8ae623f5af65dc5ff5e73659c', '[\"*\"]', NULL, NULL, '2024-09-11 15:43:14', '2024-09-11 15:43:14'),
(83, 'App\\Models\\User', 21, 'API Token', 'b614e8fac53174b17b88a695c966ffece4df58396f0be3b5ba3bb81ba82e0d0b', '[\"*\"]', NULL, NULL, '2024-09-11 15:43:45', '2024-09-11 15:43:45'),
(84, 'App\\Models\\User', 21, 'API Token', '7f27caca0f1d6d52f405fdfa1ad55493c036a58faf159c6ae23d6464c2e0cf3b', '[\"*\"]', NULL, NULL, '2024-09-11 15:44:06', '2024-09-11 15:44:06'),
(85, 'App\\Models\\User', 21, 'API Token', '68c69dd8cb73c2fa2615a185dacfc25d2210fb737b8e69283093914b203bed3d', '[\"*\"]', NULL, NULL, '2024-09-11 15:44:15', '2024-09-11 15:44:15'),
(86, 'App\\Models\\User', 21, 'API Token', '584d55a1d6efb01a0fc6fe764eda8c22909eb925c874d6b35aace62593d25507', '[\"*\"]', NULL, NULL, '2024-09-11 15:44:20', '2024-09-11 15:44:20'),
(87, 'App\\Models\\User', 21, 'API Token', '4f50a9f888c2315582a5e487334dfb2b0f6a6953d170990044a64c13a9de02a5', '[\"*\"]', NULL, NULL, '2024-09-11 15:44:38', '2024-09-11 15:44:38'),
(88, 'App\\Models\\User', 21, 'API Token', '983faf8f63aea337e2e484c41b6a849a442177e73e8c4e6e8cae1b032969e0e4', '[\"*\"]', NULL, NULL, '2024-09-11 15:44:52', '2024-09-11 15:44:52'),
(89, 'App\\Models\\User', 21, 'API Token', '1fb2f61daa61bb4caad767d0cb9e795dd55fab949485fcdec754c8aa40c7b2b9', '[\"*\"]', NULL, NULL, '2024-09-11 15:45:41', '2024-09-11 15:45:41'),
(90, 'App\\Models\\User', 21, 'API Token', 'cedf32d5aade80f6f158599212cf21c944f791444c782dfcdfc7c1f5975face3', '[\"*\"]', NULL, NULL, '2024-09-11 15:45:50', '2024-09-11 15:45:50'),
(91, 'App\\Models\\User', 21, 'API Token', 'c43983d59c4471062c4439c43929c9bfec7ff417ade004cc497dd6e36139fac2', '[\"*\"]', NULL, NULL, '2024-09-11 15:46:02', '2024-09-11 15:46:02'),
(92, 'App\\Models\\User', 21, 'API Token', '0ab6993f91e76068fb8b129d003ec520bc456637a78e14e1b5260a9d0f7ded39', '[\"*\"]', NULL, NULL, '2024-09-11 15:47:39', '2024-09-11 15:47:39'),
(93, 'App\\Models\\User', 21, 'API Token', '2e2999142b8f44b5ecf472e52146e8cf7bfe8cc4060946a707cba32188f7ae3f', '[\"*\"]', NULL, NULL, '2024-09-11 15:47:51', '2024-09-11 15:47:51'),
(94, 'App\\Models\\User', 21, 'API Token', 'c485b3db8de15c90ba6721c693f4d87000a76dd0361874ca3463e754fa7df2eb', '[\"*\"]', NULL, NULL, '2024-09-11 15:48:32', '2024-09-11 15:48:32'),
(95, 'App\\Models\\User', 21, 'API Token', 'f7bc3b47f6d73957b5e0a94a3e6d96b862b3d4a8a7d682a836ba7231c94295fc', '[\"*\"]', NULL, NULL, '2024-09-11 15:48:41', '2024-09-11 15:48:41'),
(96, 'App\\Models\\User', 21, 'API Token', '18dc133ea86505c323123d1a05820f49625448f37d52a4b60b7f983fddaedbb2', '[\"*\"]', NULL, NULL, '2024-09-11 15:48:52', '2024-09-11 15:48:52'),
(97, 'App\\Models\\User', 21, 'API Token', '16937167be01d2053e26c0fb0e05c6f9879f32bcb59d7e1971cb0c70cce0fd54', '[\"*\"]', NULL, NULL, '2024-09-11 15:49:53', '2024-09-11 15:49:53'),
(98, 'App\\Models\\User', 21, 'API Token', '7eac34f8ba5c1eb93b8842744a8480f3c6d599c8e6f619fb02e7d062ed29c62c', '[\"*\"]', NULL, NULL, '2024-09-11 15:50:04', '2024-09-11 15:50:04'),
(99, 'App\\Models\\User', 21, 'API Token', '837f3997ebd58f451b3c2a1297e2d3f04cacb8a3311e4d9242d5514af4f11ffa', '[\"*\"]', NULL, NULL, '2024-09-11 15:56:25', '2024-09-11 15:56:25'),
(100, 'App\\Models\\User', 21, 'API Token', 'c5e04b48e2ca95ec1dc2753c507cad4c17834fa7be6470b7c0c3dd9631af55d2', '[\"*\"]', NULL, NULL, '2024-09-11 15:58:08', '2024-09-11 15:58:08'),
(101, 'App\\Models\\User', 21, 'API Token', 'c8f37c5f83689705549ab1ed78b039a0697c19afcbc61d001786d1dfef5c68e9', '[\"*\"]', NULL, NULL, '2024-09-11 15:58:09', '2024-09-11 15:58:09'),
(102, 'App\\Models\\User', 21, 'API Token', 'c4a174d858ca1ac6d1831ac78a1abe639cd1149c6c3341d2a2082eb774b26f6c', '[\"*\"]', NULL, NULL, '2024-09-11 15:58:15', '2024-09-11 15:58:15'),
(103, 'App\\Models\\User', 21, 'API Token', 'f134633de43f24cc7e9bfcd5e406afd0d33ca1ca5f63d9136810989f89850d81', '[\"*\"]', NULL, NULL, '2024-09-11 16:02:11', '2024-09-11 16:02:11'),
(104, 'App\\Models\\User', 21, 'API Token', '255ee10719373cb6985a7f5bf361586ee1a3195e25eb61f7a2086094bfd7f6ab', '[\"*\"]', NULL, NULL, '2024-09-11 16:02:35', '2024-09-11 16:02:35'),
(105, 'App\\Models\\User', 21, 'API Token', '8436d8802c6d10088ab2aee16b5509f8c3edab47cf2fb08948ccf2b59884b297', '[\"*\"]', NULL, NULL, '2024-09-11 16:03:02', '2024-09-11 16:03:02'),
(106, 'App\\Models\\User', 21, 'API Token', 'b848fc4fe270ad4d25d9294a878de3565ec798cae258c56fe529e617a357c70c', '[\"*\"]', NULL, NULL, '2024-09-11 16:03:22', '2024-09-11 16:03:22');

-- --------------------------------------------------------

--
-- Table structure for table `products`
--

CREATE TABLE `products` (
  `id` bigint UNSIGNED NOT NULL,
  `name` varchar(255) COLLATE utf8mb4_unicode_ci NOT NULL,
  `sku` varchar(255) COLLATE utf8mb4_unicode_ci NOT NULL,
  `quantity_in_stock` int NOT NULL,
  `supplier_id` bigint UNSIGNED NOT NULL,
  `created_at` timestamp NULL DEFAULT NULL,
  `updated_at` timestamp NULL DEFAULT NULL
) ENGINE=InnoDB DEFAULT CHARSET=utf8mb4 COLLATE=utf8mb4_unicode_ci;

--
-- Dumping data for table `products`
--

INSERT INTO `products` (`id`, `name`, `sku`, `quantity_in_stock`, `supplier_id`, `created_at`, `updated_at`) VALUES
(1, 'Redmi Mobile Phone 5G 2', 'REDMI88', 12, 1, '2024-09-11 01:39:20', '2024-09-11 15:58:19'),
(2, 'Geoffrey Moon', 'Dolor veniam ut ea', 59, 2, '2024-09-11 13:24:56', '2024-09-11 13:24:56');

-- --------------------------------------------------------

--
-- Table structure for table `sessions`
--

CREATE TABLE `sessions` (
  `id` varchar(255) COLLATE utf8mb4_unicode_ci NOT NULL,
  `user_id` bigint UNSIGNED DEFAULT NULL,
  `ip_address` varchar(45) COLLATE utf8mb4_unicode_ci DEFAULT NULL,
  `user_agent` text COLLATE utf8mb4_unicode_ci,
  `payload` text COLLATE utf8mb4_unicode_ci NOT NULL,
  `last_activity` int NOT NULL
) ENGINE=InnoDB DEFAULT CHARSET=utf8mb4 COLLATE=utf8mb4_unicode_ci;

-- --------------------------------------------------------

--
-- Table structure for table `stock_histories`
--

CREATE TABLE `stock_histories` (
  `id` bigint UNSIGNED NOT NULL,
  `product_id` bigint UNSIGNED NOT NULL,
  `warehouse_id` bigint UNSIGNED NOT NULL,
  `quantity` int NOT NULL,
  `action` varchar(255) COLLATE utf8mb4_unicode_ci NOT NULL,
  `created_at` timestamp NULL DEFAULT NULL,
  `updated_at` timestamp NULL DEFAULT NULL
) ENGINE=InnoDB DEFAULT CHARSET=utf8mb4 COLLATE=utf8mb4_unicode_ci;

--
-- Dumping data for table `stock_histories`
--

INSERT INTO `stock_histories` (`id`, `product_id`, `warehouse_id`, `quantity`, `action`, `created_at`, `updated_at`) VALUES
(1, 1, 1, -4, 'transferred', '2024-09-11 01:52:44', '2024-09-11 01:52:44'),
(2, 1, 2, 4, 'received', '2024-09-11 01:52:44', '2024-09-11 01:52:44'),
(3, 1, 1, -2, 'transferred', '2024-09-11 13:56:27', '2024-09-11 13:56:27'),
(4, 1, 1, 2, 'received', '2024-09-11 13:56:27', '2024-09-11 13:56:27');

-- --------------------------------------------------------

--
-- Table structure for table `suppliers`
--

CREATE TABLE `suppliers` (
  `id` bigint UNSIGNED NOT NULL,
  `name` varchar(255) COLLATE utf8mb4_unicode_ci NOT NULL,
  `contact_info` varchar(255) COLLATE utf8mb4_unicode_ci NOT NULL,
  `created_at` timestamp NULL DEFAULT NULL,
  `updated_at` timestamp NULL DEFAULT NULL
) ENGINE=InnoDB DEFAULT CHARSET=utf8mb4 COLLATE=utf8mb4_unicode_ci;

--
-- Dumping data for table `suppliers`
--

INSERT INTO `suppliers` (`id`, `name`, `contact_info`, `created_at`, `updated_at`) VALUES
(1, 'Hasan Hashmi 33', '9595980007', '2024-09-11 01:20:48', '2024-09-11 15:49:57'),
(2, 'Maris Rhodes', 'Tenetur cupiditate u', '2024-09-11 13:03:25', '2024-09-11 13:03:25'),
(3, 'Wendy Herrera', 'Iste veniam in eos', '2024-09-11 14:19:54', '2024-09-11 14:19:54'),
(4, 'Nigel Crane', 'Perferendis minima p', '2024-09-11 14:21:30', '2024-09-11 14:21:30'),
(5, 'Madaline Decker', 'Ab aut necessitatibu', '2024-09-11 14:23:55', '2024-09-11 14:23:55');

-- --------------------------------------------------------

--
-- Table structure for table `transactions`
--

CREATE TABLE `transactions` (
  `id` bigint UNSIGNED NOT NULL,
  `image` varchar(2048) COLLATE utf8mb4_unicode_ci DEFAULT NULL,
  `name` varchar(255) COLLATE utf8mb4_unicode_ci NOT NULL,
  `status` varchar(255) COLLATE utf8mb4_unicode_ci NOT NULL,
  `amount` varchar(255) COLLATE utf8mb4_unicode_ci NOT NULL,
  `created_at` timestamp NULL DEFAULT NULL,
  `updated_at` timestamp NULL DEFAULT NULL
) ENGINE=InnoDB DEFAULT CHARSET=utf8mb4 COLLATE=utf8mb4_unicode_ci;

--
-- Dumping data for table `transactions`
--

INSERT INTO `transactions` (`id`, `image`, `name`, `status`, `amount`, `created_at`, `updated_at`) VALUES
(1, 'transactions-image-01.svg', 'Form Builder CP', 'Pending', '-$1,299.22', '2024-09-11 02:11:07', '2024-09-11 02:11:07'),
(2, 'transactions-image-02.svg', 'Imperial Hotel ****', 'Completed', '-$1,029.77', '2024-09-11 02:11:07', '2024-09-11 02:11:07'),
(3, 'user-36-05.jpg', 'Aprilynne Pills', 'Pending', '+$499.99', '2024-09-11 02:11:07', '2024-09-11 02:11:07'),
(4, 'transactions-image-03.svg', 'Google Limited UK', 'Completed', '-$1,029.77', '2024-09-11 02:11:07', '2024-09-11 02:11:07'),
(5, 'transactions-image-04.svg', 'Acme LTD UK', 'Pending', '+$2,179.36', '2024-09-11 02:11:07', '2024-09-11 02:11:07'),
(6, 'transactions-image-03.svg', 'Google Limited UK', 'Canceled', '-$1,029.77', '2024-09-11 02:11:07', '2024-09-11 02:11:07'),
(7, 'transactions-image-05.svg', 'Uber', 'Completed', '-$272.88', '2024-09-11 02:11:07', '2024-09-11 02:11:07'),
(8, 'transactions-image-06.svg', 'PublicOne Inc.', 'Completed', '-$199.87', '2024-09-11 02:11:07', '2024-09-11 02:11:07'),
(9, 'transactions-image-07.svg', 'Github Inc.', 'Completed', '-$42.87', '2024-09-11 02:11:07', '2024-09-11 02:11:07'),
(10, 'transactions-image-08.svg', 'Form Builder PRO', 'Completed', '-$112.44', '2024-09-11 02:11:07', '2024-09-11 02:11:07'),
(11, 'transactions-image-05.svg', 'Google Limited UK', 'Canceled', '-$1,029.77', '2024-09-11 02:11:07', '2024-09-11 02:11:07'),
(12, 'transactions-image-06.svg', 'Uber', 'Completed', '-$272.88', '2024-09-11 02:11:07', '2024-09-11 02:11:07');

-- --------------------------------------------------------

--
-- Table structure for table `users`
--

CREATE TABLE `users` (
  `id` bigint UNSIGNED NOT NULL,
  `name` varchar(255) COLLATE utf8mb4_unicode_ci NOT NULL,
  `email` varchar(255) COLLATE utf8mb4_unicode_ci NOT NULL,
  `email_verified_at` timestamp NULL DEFAULT NULL,
  `password` varchar(255) COLLATE utf8mb4_unicode_ci NOT NULL,
  `two_factor_secret` text COLLATE utf8mb4_unicode_ci,
  `two_factor_recovery_codes` text COLLATE utf8mb4_unicode_ci,
  `two_factor_confirmed_at` timestamp NULL DEFAULT NULL,
  `remember_token` varchar(100) COLLATE utf8mb4_unicode_ci DEFAULT NULL,
  `current_team_id` bigint UNSIGNED DEFAULT NULL,
  `profile_photo_path` varchar(2048) COLLATE utf8mb4_unicode_ci DEFAULT NULL,
  `created_at` timestamp NULL DEFAULT NULL,
  `updated_at` timestamp NULL DEFAULT NULL,
  `role` varchar(255) COLLATE utf8mb4_unicode_ci NOT NULL DEFAULT 'Inventory Manager'
) ENGINE=InnoDB DEFAULT CHARSET=utf8mb4 COLLATE=utf8mb4_unicode_ci;

--
-- Dumping data for table `users`
--

INSERT INTO `users` (`id`, `name`, `email`, `email_verified_at`, `password`, `two_factor_secret`, `two_factor_recovery_codes`, `two_factor_confirmed_at`, `remember_token`, `current_team_id`, `profile_photo_path`, `created_at`, `updated_at`, `role`) VALUES
(21, 'Hasan Hashmi12', 'thehasanhashmi@gmail.com', NULL, '$2y$12$Fl5y1ApZQnmmHfstEK9MJeBC8e.Gdrvu7VStFML.kO.FNIPaeWzXO', NULL, NULL, NULL, NULL, NULL, NULL, '2024-09-10 08:13:39', '2024-09-11 15:47:42', 'Admin'),
(22, 'Aadil', 'inventory@gmail.com', NULL, '$2y$12$Wj71yJy4POXKEBHsnWClxuAfquZ6xV1Ooh3TnJYgt9WWhi0oAAfGO', NULL, NULL, NULL, NULL, NULL, NULL, '2024-09-11 01:21:28', '2024-09-11 15:11:03', 'Inventory Manager'),
(23, 'Aimee Norton', 'sypymofyd@mailinator.com', NULL, '$2y$12$rypjivAGFMP8VQ/AM.FI..TRI3yTJFhehy1eBidABWyJSVHf06IqG', NULL, NULL, NULL, NULL, NULL, NULL, '2024-09-11 07:30:52', '2024-09-11 07:30:52', 'Admin'),
(24, 'Test User', 'test@example.com', NULL, '$2y$12$kL3fObVQDmeig4ehga3h8OEWc2ORgCU5Zqb7PRi9t5kvUIF/zWKQy', NULL, NULL, NULL, NULL, NULL, NULL, '2024-09-11 07:31:51', '2024-09-11 07:31:51', 'Admin'),
(25, 'Christian Cross', 'jydogekac@mailinator.com', NULL, '$2y$12$jyYjE91po7TRi2wpznvQf..fhY2GbQsCZBRRCe4AcjFHlzL98To1C', NULL, NULL, NULL, NULL, NULL, NULL, '2024-09-11 07:35:39', '2024-09-11 07:35:39', 'Inventory Manager'),
(26, 'Wang Swanson', 'kecopehub@mailinator.com', NULL, '$2y$12$c4xvgl0PQHeeDn2yDjtZT.cN5Q10hkbD0xJw5ACsRD1vPDnSfmb6i', NULL, NULL, NULL, NULL, NULL, NULL, '2024-09-11 07:37:10', '2024-09-11 07:37:10', 'Admin'),
(27, 'Alyssa Paul', 'zenyhe@mailinator.com', NULL, '$2y$12$Mg52l9R6l7i8Nw12cIjk/OR5/va1B7q9usSsGPsirA0UJHX6HhFSy', NULL, NULL, NULL, NULL, NULL, NULL, '2024-09-11 12:09:38', '2024-09-11 12:09:38', 'Inventory Manager'),
(28, 'Joel Silva', 'napubygu@mailinator.com', NULL, '$2y$12$KyPyXlmj3qqMp6ewc28ahe5DPb2F6e0eGghpq7w.k/gZYNb4hb2i6', NULL, NULL, NULL, NULL, NULL, NULL, '2024-09-11 12:10:13', '2024-09-11 12:10:13', 'Admin'),
(29, 'Brett Benton', 'setus@mailinator.com', NULL, '$2y$12$.V/FM3wsG2GKqePlBicPwOuPwhEbZpF5K1xfGNs/M.yLvh6wNJ22W', NULL, NULL, NULL, NULL, NULL, NULL, '2024-09-11 12:11:37', '2024-09-11 12:11:37', 'Admin'),
(30, 'Calvin Shepard', 'wadiqerowu@mailinator.com', NULL, '$2y$12$G1OcatcPioI0vfCE0MXV1OPWW.R.rDdTBFRPXOaTSSzxpxTtiO3p6', NULL, NULL, NULL, NULL, NULL, NULL, '2024-09-11 12:13:34', '2024-09-11 12:13:34', 'Inventory Manager'),
(31, 'Gabriel Parker', 'cyjeruho@mailinator.com', NULL, '$2y$12$vevshAl3urqOuT4ae/Pu1uqeczCVjyoC5jKpVSV5A8sx3A0dK2Qmy', NULL, NULL, NULL, NULL, NULL, NULL, '2024-09-11 12:14:35', '2024-09-11 12:14:35', 'Admin');

-- --------------------------------------------------------

--
-- Table structure for table `warehouses`
--

CREATE TABLE `warehouses` (
  `id` bigint UNSIGNED NOT NULL,
  `name` varchar(255) COLLATE utf8mb4_unicode_ci NOT NULL,
  `location` varchar(255) COLLATE utf8mb4_unicode_ci NOT NULL,
  `created_at` timestamp NULL DEFAULT NULL,
  `updated_at` timestamp NULL DEFAULT NULL
) ENGINE=InnoDB DEFAULT CHARSET=utf8mb4 COLLATE=utf8mb4_unicode_ci;

--
-- Dumping data for table `warehouses`
--

INSERT INTO `warehouses` (`id`, `name`, `location`, `created_at`, `updated_at`) VALUES
(1, 'Electronics3', 'Mumbai India', '2024-09-11 01:36:33', '2024-09-11 15:48:44'),
(2, 'Mobile Phones', 'Pune India', '2024-09-11 01:44:10', '2024-09-11 01:44:10'),
(3, 'Ciara Hunter', 'Quibusdam velit dol', '2024-09-11 13:07:24', '2024-09-11 13:07:24'),
(4, 'Jolene Greene', 'Ea proident consequ', '2024-09-11 14:28:00', '2024-09-11 14:28:00'),
(5, 'Mobile Phones22', 'Pune India', '2024-09-11 15:44:42', '2024-09-11 15:44:42');

--
-- Indexes for dumped tables
--

--
-- Indexes for table `campaigns`
--
ALTER TABLE `campaigns`
  ADD PRIMARY KEY (`id`);

--
-- Indexes for table `campaign_marketer`
--
ALTER TABLE `campaign_marketer`
  ADD PRIMARY KEY (`id`);

--
-- Indexes for table `customers`
--
ALTER TABLE `customers`
  ADD PRIMARY KEY (`id`);

--
-- Indexes for table `datafeeds`
--
ALTER TABLE `datafeeds`
  ADD PRIMARY KEY (`id`);

--
-- Indexes for table `failed_jobs`
--
ALTER TABLE `failed_jobs`
  ADD PRIMARY KEY (`id`),
  ADD UNIQUE KEY `failed_jobs_uuid_unique` (`uuid`);

--
-- Indexes for table `invoices`
--
ALTER TABLE `invoices`
  ADD PRIMARY KEY (`id`);

--
-- Indexes for table `jobs`
--
ALTER TABLE `jobs`
  ADD PRIMARY KEY (`id`);

--
-- Indexes for table `marketers`
--
ALTER TABLE `marketers`
  ADD PRIMARY KEY (`id`);

--
-- Indexes for table `members`
--
ALTER TABLE `members`
  ADD PRIMARY KEY (`id`);

--
-- Indexes for table `migrations`
--
ALTER TABLE `migrations`
  ADD PRIMARY KEY (`id`);

--
-- Indexes for table `notifications`
--
ALTER TABLE `notifications`
  ADD PRIMARY KEY (`id`),
  ADD KEY `notifications_notifiable_type_notifiable_id_index` (`notifiable_type`,`notifiable_id`);

--
-- Indexes for table `orders`
--
ALTER TABLE `orders`
  ADD PRIMARY KEY (`id`);

--
-- Indexes for table `password_reset_tokens`
--
ALTER TABLE `password_reset_tokens`
  ADD PRIMARY KEY (`email`);

--
-- Indexes for table `personal_access_tokens`
--
ALTER TABLE `personal_access_tokens`
  ADD PRIMARY KEY (`id`),
  ADD UNIQUE KEY `personal_access_tokens_token_unique` (`token`),
  ADD KEY `personal_access_tokens_tokenable_type_tokenable_id_index` (`tokenable_type`,`tokenable_id`);

--
-- Indexes for table `products`
--
ALTER TABLE `products`
  ADD PRIMARY KEY (`id`),
  ADD UNIQUE KEY `products_sku_unique` (`sku`),
  ADD KEY `products_supplier_id_foreign` (`supplier_id`);

--
-- Indexes for table `sessions`
--
ALTER TABLE `sessions`
  ADD PRIMARY KEY (`id`),
  ADD KEY `sessions_user_id_index` (`user_id`),
  ADD KEY `sessions_last_activity_index` (`last_activity`);

--
-- Indexes for table `stock_histories`
--
ALTER TABLE `stock_histories`
  ADD PRIMARY KEY (`id`),
  ADD KEY `stock_histories_product_id_foreign` (`product_id`),
  ADD KEY `stock_histories_warehouse_id_foreign` (`warehouse_id`);

--
-- Indexes for table `suppliers`
--
ALTER TABLE `suppliers`
  ADD PRIMARY KEY (`id`);

--
-- Indexes for table `transactions`
--
ALTER TABLE `transactions`
  ADD PRIMARY KEY (`id`);

--
-- Indexes for table `users`
--
ALTER TABLE `users`
  ADD PRIMARY KEY (`id`),
  ADD UNIQUE KEY `users_email_unique` (`email`);

--
-- Indexes for table `warehouses`
--
ALTER TABLE `warehouses`
  ADD PRIMARY KEY (`id`);

--
-- AUTO_INCREMENT for dumped tables
--

--
-- AUTO_INCREMENT for table `campaigns`
--
ALTER TABLE `campaigns`
  MODIFY `id` bigint UNSIGNED NOT NULL AUTO_INCREMENT, AUTO_INCREMENT=13;

--
-- AUTO_INCREMENT for table `campaign_marketer`
--
ALTER TABLE `campaign_marketer`
  MODIFY `id` int UNSIGNED NOT NULL AUTO_INCREMENT, AUTO_INCREMENT=31;

--
-- AUTO_INCREMENT for table `customers`
--
ALTER TABLE `customers`
  MODIFY `id` bigint UNSIGNED NOT NULL AUTO_INCREMENT, AUTO_INCREMENT=13;

--
-- AUTO_INCREMENT for table `datafeeds`
--
ALTER TABLE `datafeeds`
  MODIFY `id` bigint UNSIGNED NOT NULL AUTO_INCREMENT, AUTO_INCREMENT=866;

--
-- AUTO_INCREMENT for table `failed_jobs`
--
ALTER TABLE `failed_jobs`
  MODIFY `id` bigint UNSIGNED NOT NULL AUTO_INCREMENT;

--
-- AUTO_INCREMENT for table `invoices`
--
ALTER TABLE `invoices`
  MODIFY `id` bigint UNSIGNED NOT NULL AUTO_INCREMENT, AUTO_INCREMENT=16;

--
-- AUTO_INCREMENT for table `jobs`
--
ALTER TABLE `jobs`
  MODIFY `id` bigint UNSIGNED NOT NULL AUTO_INCREMENT, AUTO_INCREMENT=13;

--
-- AUTO_INCREMENT for table `marketers`
--
ALTER TABLE `marketers`
  MODIFY `id` bigint UNSIGNED NOT NULL AUTO_INCREMENT, AUTO_INCREMENT=11;

--
-- AUTO_INCREMENT for table `members`
--
ALTER TABLE `members`
  MODIFY `id` bigint UNSIGNED NOT NULL AUTO_INCREMENT, AUTO_INCREMENT=13;

--
-- AUTO_INCREMENT for table `migrations`
--
ALTER TABLE `migrations`
  MODIFY `id` int UNSIGNED NOT NULL AUTO_INCREMENT, AUTO_INCREMENT=23;

--
-- AUTO_INCREMENT for table `orders`
--
ALTER TABLE `orders`
  MODIFY `id` bigint UNSIGNED NOT NULL AUTO_INCREMENT, AUTO_INCREMENT=14;

--
-- AUTO_INCREMENT for table `personal_access_tokens`
--
ALTER TABLE `personal_access_tokens`
  MODIFY `id` bigint UNSIGNED NOT NULL AUTO_INCREMENT, AUTO_INCREMENT=107;

--
-- AUTO_INCREMENT for table `products`
--
ALTER TABLE `products`
  MODIFY `id` bigint UNSIGNED NOT NULL AUTO_INCREMENT, AUTO_INCREMENT=3;

--
-- AUTO_INCREMENT for table `stock_histories`
--
ALTER TABLE `stock_histories`
  MODIFY `id` bigint UNSIGNED NOT NULL AUTO_INCREMENT, AUTO_INCREMENT=5;

--
-- AUTO_INCREMENT for table `suppliers`
--
ALTER TABLE `suppliers`
  MODIFY `id` bigint UNSIGNED NOT NULL AUTO_INCREMENT, AUTO_INCREMENT=6;

--
-- AUTO_INCREMENT for table `transactions`
--
ALTER TABLE `transactions`
  MODIFY `id` bigint UNSIGNED NOT NULL AUTO_INCREMENT, AUTO_INCREMENT=13;

--
-- AUTO_INCREMENT for table `users`
--
ALTER TABLE `users`
  MODIFY `id` bigint UNSIGNED NOT NULL AUTO_INCREMENT, AUTO_INCREMENT=32;

--
-- AUTO_INCREMENT for table `warehouses`
--
ALTER TABLE `warehouses`
  MODIFY `id` bigint UNSIGNED NOT NULL AUTO_INCREMENT, AUTO_INCREMENT=6;

--
-- Constraints for dumped tables
--

--
-- Constraints for table `products`
--
ALTER TABLE `products`
  ADD CONSTRAINT `products_supplier_id_foreign` FOREIGN KEY (`supplier_id`) REFERENCES `suppliers` (`id`);

--
-- Constraints for table `stock_histories`
--
ALTER TABLE `stock_histories`
  ADD CONSTRAINT `stock_histories_product_id_foreign` FOREIGN KEY (`product_id`) REFERENCES `products` (`id`),
  ADD CONSTRAINT `stock_histories_warehouse_id_foreign` FOREIGN KEY (`warehouse_id`) REFERENCES `warehouses` (`id`);
COMMIT;

/*!40101 SET CHARACTER_SET_CLIENT=@OLD_CHARACTER_SET_CLIENT */;
/*!40101 SET CHARACTER_SET_RESULTS=@OLD_CHARACTER_SET_RESULTS */;
/*!40101 SET COLLATION_CONNECTION=@OLD_COLLATION_CONNECTION */;
